,title,publish_date,summary,body,author
0,Bệnh viện đông dần sau ba ngày mở cửa,"Thứ bảy, 2/10/2021, 06:00 (GMT+7)","TP HCMBa ngày đầu tiên hoạt động trở lại, Bệnh viện quận 7 tiếp nhận khoảng 200-250 lượt khám, đến ngày 1/10 số bệnh nhân tăng gấp đôi.","Bác sĩ Nguyễn Thế Vũ, Phó giám đốc phụ trách bệnh viện, cho biết bệnh nhân chủ yếu là điều trị ngoại trú. Trước khi Covid-19 bùng phát, Bệnh viện quận 7 tiếp nhận 150 bệnh nhân nội trú, khoảng 1.200-1.300 lượt khám ngoại trú mỗi ngày. Đầu năm 2021, số ngoại trú giảm còn 800 lượt. Ba tháng qua, khi đợt dịch thứ 4 bùng phát dữ dội, lượng bệnh nhân ngoại trú giảm sâu, chỉ còn khoảng 160-170 ca.
Bệnh viện quận 7 là một trong hai bệnh viện dã chiến điều trị Covid-19 đầu tiên tại TP HCM chuyển đổi công năng trở lại khám chữa bệnh thông thường, từ ngày 28/9. Bệnh viện còn lại là Đa khoa khu vực Củ Chi.
Quận 7 và Củ Chi là hai địa phương đạt tiêu chí an toàn sớm nhất tại TP HCM, được công nhận là vùng xanh. Theo lộ trình Sở Y tế thu hẹp các bệnh viện dã chiến, điều trị Covid-19 cho phù hợp với tình hình mới, trong đó Bệnh viện quận 7 và Đa khoa Khu vực Củ Chi thành hai ""bệnh viện xanh"" đầu tiên.
Theo kế hoạch, Bệnh viện quận 7 mở cửa dần dần, trước tiên là đón bệnh nhân khám ngoại trú, cấp cứu, sản khoa, chạy thận nhân tạo... Khi lượng bệnh nhân tăng lên, đồng thời nhân sự về dần từ các bệnh viện dã chiến Covid-19, bệnh viện sẽ mở rộng nội trú, nhất là phẫu thuật theo phiên.
Giải thể khu điều trị Covid-19, bắt đầu mở cửa trở lại từ 28/9, Bệnh viện Đa khoa Khu vực Củ Chi (cửa ngõ phía bắc thành phố) tiếp nhận khoảng 600-700 bệnh nhân không Covid-19 mỗi ngày. Số này tăng không đáng kể so với giai đoạn bệnh viện tách đôi, bằng 1/3 so với trước dịch. Các mặt bệnh chủ yếu là cấp cứu, bệnh mạn tính cần khám và cấp phát thuốc định kỳ, hoặc các ca sinh, bác sĩ Nguyễn Thành Phương giám đốc bệnh viện cho biết.
Theo lãnh đạo hai bệnh viện, trước khi trở lại hoạt động trong trạng thái bình thường mới, đơn vị đã nhiều lần vệ sinh, phun tiêu độc, khử khuẩn toàn bộ bệnh viện, nhất là các trang thiết bị, nhằm giảm thiểu tối đa nguy cơ mầm bệnh tồn tại. Đơn vị tổ chức phân luồng, khám sàng lọc, test nhanh, giám sát chặt chẽ những người ra vào, tạo tâm lý tin tưởng cho người dân. Hiện tại, các bệnh viện vẫn duy trì khu vực sàng lọc, cách ly, để cách ly tạm thời các trường hợp nghi nhiễm, bố trí một khu đệm để kịp thời sơ cứu các bệnh nhân Covid-19 trước khi chuyển đến các cơ sở điều trị hoặc chuyển cách ly tại nhà nếu F0 đủ điều kiện.
Nhóm bệnh nhân Covid-19 còn cần điều trị được chuyển sang bệnh viện dã chiến khác hoặc khu cách ly tập trung trong khu vực. Một số ca nặng chuyển tới trung tâm hồi sức Covid-19 lân cận.
Bệnh viện Lê Văn Thịnh (TP Thủ Đức) vẫn hoạt động theo mô hình ""tách đôi"", một nửa điều trị bệnh thông thường, một nửa điều trị Covid-19. Vài ngày nay, khoảng 800-1.000 ca đến khám và điều trị, tăng nhẹ so với những tuần trước, song giảm 2/3 so với trước dịch. Bác sĩ Trần Văn Khanh, Giám đốc bệnh viện cho biết, tuần tới sẽ bắt đầu chuyển các F0 tại đây sang các bệnh viện dã chiến do đơn vị quản lý, dần giải thể khu điều trị Covid-19 nội viện, phục hồi công năng hoàn toàn. Lúc đó, khả năng cao số lượng bệnh nhân thường sẽ dần trở về 2.500-3.000 ca mỗi ngày như trước.
Các bệnh viện tuyến trên như Quân y 175, Đại học Y dược TP HCM, trong ngày đầu thành phố ""bình thường mới"" lượng bệnh nhân đã có dấu hiệu đông trở lại. Số liệu sơ bộ từ Bệnh viện Quân y 175, trong đợt dịch thứ 4 để đảm bảo an toàn bệnh viện khuyến cáo người bệnh hạn chế đến bệnh viện trừ các trường hợp cấp cứu, nên số bệnh nhân trong giai đoạn này giảm mạnh, khoảng 300 bệnh nhân, giảm gần 90% so với bình thường (3.000 bệnh nhân). Sáng 1/10, khi bệnh viện mở cửa trở lại, ghi nhận 1.000 bệnh nhân tới khám ngoại trú và điều trị nội trú.
Tương tự, đại diện Bệnh viện Đại học Y dược TP HCM chia sẻ, tính đến 15h có hơn 1.300 bệnh nhân đến khám, đông hơn hẳn so với từ ngày 30/9 trở về trước. Tất cả các khoa đều có bệnh nhân đăng ký khám. Chủ yếu là người dân đang cư trú tại TP HCM, còn nhiều bệnh nhân ngoại tỉnh chưa thể đến khám do các chốt chặn tại cửa ngõ thành phố vẫn được kiểm soát, người dân các tỉnh thành lân cận không tự ý di chuyển vào TP HCM.
Hôm qua, trong dự thảo lấy ý kiến phương án tổ chức giao thông cho một số trường hợp có nhu cầu thường xuyên lưu thông giữa TP HCM và 5 tỉnh Đồng Nai, Bình Dương, Long An, Tây Ninh và Bà Rịa - Vũng Tàu sau ngày 1/10, Phó chủ tịch UBND thành phố Lê Hòa Bình đã đề xuất cho người dân các tỉnh đến TP HCM khám, chữa bệnh.
Cụ thể, người dân (trừ trường hợp cấp cứu) phải có giấy chứng nhận kết quả xét nghiệm âm tính với nCoV còn hiệu lực (trong vòng 72 giờ kể từ thời điểm lấy mẫu) và đảm bảo một trong hai điều kiện: giấy chuyển viện hoặc giấy hẹn tái khám của bệnh viện tại TP HCM; xác nhận của chính quyền địa phương (cấp phường, xã) cho phép di chuyển đến TP HCM để khám chữa bệnh. Trong đó, giấy xác nhận cần thể hiện đầy đủ thông tin về người đi khám bệnh, người điều khiển phương tiện và phương tiện.
Các bác sĩ dự đoán, sang tuần tới, số lượng bệnh nhân đến các bệnh viện sẽ tăng cao hơn nữa. Nguyên nhân là người dân dần cởi bỏ tâm lý e ngại sợ lây nhiễm ở bệnh viện và việc đi lại trong nội thành cũng đã thuận tiện, dễ dàng hơn nhiều.
Gần 5 tháng chống dịch, TP HCM có tổng cộng 95 bệnh viện trên địa bàn tham gia điều trị Covid-19. Đây là lần đầu tiên, ngành y tế thành phố buộc phải huy động nhiều loại hình bệnh viện khác nhau trong ""cuộc chiến"" với Covid-19 như bệnh viện dã chiến, bệnh viện tách đôi, bệnh viện chuyển đổi công năng toàn phần. Thành phố cũng lần đầu huy động tổng lực nguồn nhân lực từ tất cả bệnh viện trên địa bàn tham gia thu dung và điều trị Covid-19, nhận sự hỗ trợ nguồn nhân lực đông đảo lên đến hàng nghìn người được Bộ Y tế, Bộ Quốc phòng huy động từ nhiều vùng trên khắp cả nước.
Khi cơ bản kiểm soát được dịch bệnh, bên cạnh nhiệm vụ điều trị Covid-19, ngành y tế sẽ tiếp tục điều trị cho các bệnh khác, theo nguyên tắc phục hồi công năng các bệnh viện để đảm bảo mỗi quận huyện có một bệnh viện đa khoa để tiếp nhận bệnh không phải Covid-19.
Từ ngày 1/10 đến cuối năm, dựa vào số ca mắc mới, ca nhập viện, bệnh nhân nặng, hơn 80 bệnh viện tầng một và hai trong ""tháp điều trị Covid-19 ba tầng"" sẽ dần thu hẹp và đóng cửa. Riêng ba bệnh viện dã chiến số 13, 14 và 16 có trung tâm hồi sức Covid-19 do trung ương quản lý sẽ được giữ lại, sau đó biến đổi thành bệnh viện ba tầng và bàn giao cho y tế thành phố tiếp tục vận hành. Ngoài ra, 10 bệnh viện ở tầng ba (điều trị F0 nặng, nguy kịch) được giữ nguyên vì các ca Covid-19 nặng cần điều trị kéo dài.",Thư Anh - Lê Cầm
1,Hai bệnh viện Covid đầu tiên 'giải thể',"Thứ ba, 28/9/2021, 09:16 (GMT+7)","TP HCMBệnh viện Quận 7 và Bệnh viện Đa khoa Khu vực Củ Chi là hai cơ sở đầu tiên chuyển đổi từ điều trị Covid-19 trở về công năng khám chữa bệnh thông thường, từ ngày 28/9.","Những ngày qua, nhân viên y tế hai cơ sở này vệ sinh, phun xịt khử khuẩn toàn bộ các khoa điều trị F0 và khuôn viên bệnh viện, xử lý chăn, gra, gối, nệm, vệ sinh phương tiện vận chuyển bệnh nhân, toàn bộ bề mặt các vận dụng, thiết bị máy móc, giường bệnh. Công tác khử khuẩn được thực hiện nhiều lần để đảm bảo ""sạch virus"" trước khi tiếp nhận điều trị bệnh nhân mắc các bệnh lý thông thường.
Cả hai bệnh viện này vẫn duy trì một khu cách ly cho người bệnh có kết quả dương tính Covid-19 thông qua phát hiện sàng lọc. Những người bệnh này sẽ điều trị tạm thời tại khu cách ly của bệnh viện và điều chuyển đến các cơ sở y tế điều trị Covid-19.
Bệnh viện Quận 7 khám chữa bệnh theo mô hình ""bệnh viện tách đôi"" kể từ ngày 12/7, tiếp nhận điều trị F0 và thực hiện cấp cứu người bệnh không nhiễm. Sau 2 tháng chung sức cùng thành phố, bệnh viện đã điều trị 1.317 F0.
Bệnh viện đã siết chặt quy trình sàng lọc, khai báo y tế, sử dụng camera tầm nhiệt để phát hiện người bệnh có triệu chứng sốt, phân luồng người bệnh, áp dụng quy trình một chiều, nhằm đảm bảo an toàn cho người dân đến thăm khám, kịp thời ngăn chặn, kiểm soát nguy cơ dịch bệnh lây nhiễm tại bệnh viện.
Bệnh viện Đa khoa khu vực Củ Chi sau hơn một tháng chuyển công năng cũng tiếp nhận điều trị hàng trăm bệnh nhân Covid-19. Khi trở về hoạt động bình thường, nơi này cũng duy trì khu vực sàng lọc, lưu trú tạm thời bệnh nhân Covid-19 theo yêu cầu của Sở Y tế TP HCM.
Trong gần 5 tháng chống dịch, 95 bệnh viện trên địa bàn thành phố đã và đang tham gia điều trị Covid-19. Đây là lần đầu tiên, ngành y tế thành phố buộc phải huy động nhiều loại hình bệnh viện khác nhau trong ""cuộc chiến"" với Covid-19 như bệnh viện dã chiến, bệnh viện tách đôi, bệnh viện chuyển đổi công năng toàn phần. Thành phố cũng lần đầu huy động tổng lực nguồn nhân lực từ tất cả bệnh viện trên địa bàn tham gia thu dung và điều trị Covid-19, nhận sự hỗ trợ nguồn nhân lực đông đảo lên đến hàng nghìn người được Bộ Y tế, Bộ Quốc phòng huy động từ nhiều vùng trên khắp cả nước.
Theo lãnh đạo Sở Y tế TP HCM, ngay khi có những tín hiệu lạc quan bắt đầu kiểm soát được dịch, thành phố đã chuẩn bị lộ trình phục hồi công năng ban đầu của các bệnh viện nhằm đáp ứng nhu cầu khám, chữa bệnh thông thường cho người dân. Ngành y tế xác định ""một lộ trình trở lại công năng ban đầu của các bệnh viện nhưng phải tích hợp một cấu trúc và quy trình hoạt động mới"", đảm bảo thực hiện hai chức năng trong trạng thái bình thường mới, đó là khám, chữa bệnh đa khoa hay chuyên khoa (theo loại hình ban đầu của mỗi bệnh viện) nhưng phải luôn sẵn sàng ứng phó hiệu quả với dịch bệnh.
Theo diễn tiến của tình hình dịch bệnh, thành phố ưu tiên trả lại các bệnh viện dã chiến đã sử dụng các cơ sở hạ tầng của các trường học, ký túc xá, công sở. Đồng thời, các bệnh viện đa khoa quận, huyện và TP Thủ Đức cũng sớm được trả về công năng khám, chữa bệnh thông thường nhằm đáp ứng nhu cầu chăm sóc sức khoẻ cho người dân trên địa bàn.","Nguyên tắc mà ngành y tế phải đảm bảo khi xây dựng lộ trình chuyển đổi về công năng ban đầu cho các bệnh viện, đó là trên một địa bàn quận, huyện phải luôn có sẵn phương án nơi tiếp nhận và thu dung điều trị F0 có triệu chứng. Bên cạnh đó, để đảm bảo nguyên tắc hạn chế việc chuyển người bệnh F0 đi nhiều bệnh viện khác nhau, ngành y tế sẽ xây dựng mô hình ""bệnh viện dã chiến 3 tầng"" thích ứng với hoàn cảnh mới. Theo đó, các bệnh viện dã chiến số 13, số 14 và số 16 cùng với các trung tâm hồi sức kế cạnh (hiện nay do các bệnh viện Việt Đức, Bạch Mai và Trung ương Huế đảm trách) đảm trách mô hình này khi thành phố đã kiểm soát được dịch."
2,TP HCM sẽ chuyển đổi công năng bệnh viện tầng 1 và 2,"Thứ năm, 23/9/2021, 20:09 (GMT+7)","Khoảng 80 bệnh viện dã chiến, thu dung điều trị Covid-19 thuộc tầng một và hai của tháp điều trị ba tầng sẽ chuyển đổi công năng theo từng giai đoạn.","Bà Nguyễn Thị Huỳnh Mai, Chánh văn phòng Sở Y tế TP HCM, cho biết Sở cùng các quận, huyện, TP Thủ Đức đang rà soát để tham mưu cho UBND và Ban chỉ đạo chống dịch Covid-19 thành phố về lộ trình chuyển đổi công năng các bệnh viện đang tham gia điều trị Covid-19 trên địa bàn. Lộ trình chưa được UBND thông qua nên chưa thể tiết lộ chi tiết.
""Quan trọng nhất là tái cấu trúc các bệnh viện đang tách đôi để trở về chức năng ban đầu, nhằm chăm sóc sức khỏe bình thường cho người dân"", bà Mai nhấn mạnh.
Trong họp báo chiều 22/9, bà Mai thông tin thành phố có 90 cơ sở điều trị, thu dung bệnh nhân Covid-19 trong ""tháp ba tầng"". Cụ thể, tầng một có 12 cơ sở cách ly tập trung, thu dung điều trị. Tầng hai có 68 bệnh viện thu dung, điều trị dã chiến và bệnh viện hạng 2, hạng 3 và hạng 1 của thành phố triển khai theo mô hình ""bệnh viện tách đôi"". Tầng ba có 10 cơ sở, gồm 5 bệnh viện Trung ương hạng nhất đóng tại TP HCM và 5 trung tâm hồi sức Covid-19 do Bộ Y tế hỗ trợ thiết lập, điều động từ các bệnh viện trung ương tới hỗ trợ.
Theo kế hoạch, các bệnh viện thuộc tầng một và hai sẽ dần chuyển đổi về chức năng ban đầu, để thực hiện nhiệm vụ chăm sóc sức khoẻ các mặt bệnh khác cho người dân ngoài Covid-19. Riêng bệnh viện ở tầng ba sẽ giữ nguyên vì các ca bệnh Covid-19 nặng sẽ điều trị kéo dài.
Hiện, TP HCM có ba vùng xanh là quận 7, huyện Củ Chi, huyện Cần Giờ, bước đầu việc chuyển đổi công năng sẽ tập trung ở các địa phương này. Lộ trình chuyển đổi các bệnh viện sẽ triển khai theo từng giai đoạn, diễn ra từ nay cho đến năm 2022.
Dự kiến, Bệnh viện quận 7, Bệnh viện đa khoa khu vực Củ Chi cũng chuyển thành bệnh viện bình thường để khám và chữa bệnh cho người dân không mắc Covid-19 ở Củ Chi, Hóc Môn, Tây Ninh.
Bệnh viện điều trị Covid-19 Cần Giờ sẽ ngưng nhận bệnh nhân mới, điều trị tiếp nhóm bệnh cũ và trở thành ""bệnh viện tách đôi"" nếu còn bệnh nhân Covid-19. Trong đó, cơ sở cũ sẽ điều trị bệnh nhân Covid-19, cơ sở mới để chăm sóc sức khoẻ cho người dân Cần Giờ và các vùng lân cận không mắc Covid-19, nhất là những trường hợp có bệnh nền. Riêng Bệnh viện dã chiến Củ Chi thì sẽ hoàn thành sứ mệnh khi địa phương hết F0.
Bệnh viện dã chiến Củ Chi (quy mô 300 giường, đặt trong một doanh trại quân đội) và Bệnh viện điều trị Covid-19 Cần Giờ (quy mô 600 giường, trưng dụng hai cơ sở mới và cũ của Bệnh viện huyện Cần Giờ) là hai bệnh viện dã chiến đầu tiên được thành lập tại TP HCM, từ đầu năm 2020, chuyên thu dung, điều trị F0 nhẹ và trung bình, giảm tải cho cơ sở tầng trên là Bệnh viện Bệnh Nhiệt đới.
Bệnh viện Điều trị Covid-19 Cần Giờ từng tạm ngưng hoạt động hồi giữa năm 2020, khi lượng F0, F1 tại thành phố giảm sâu. Sau đó, Sở Y tế thành phố tái kích hoạt bệnh viện, bắt đầu từ ngày 1/8/2020, khi tình hình dịch bệnh diễn biến phức tạp.
Bác sĩ Nguyễn Văn Vĩnh Châu, Phó giám đốc Sở Y tế TP HCM tại họp báo ngày 21/9 từng cho biết, chiến lược điều trị của TP HCM giai đoạn mở cửa sắp tới sẽ đẩy mạnh chăm sóc các F0 tại cộng đồng, đi kèm với hệ thống điều trị để sống chung với dịch. Các quận, huyện chỉ cách ly tập trung các bệnh nhân Covid-19 có bệnh nền, không thể theo dõi sát và nơi ở không đáp ứng điều kiện điều trị tại nhà. Thành phố có kế hoạch giảm dần các khu cách ly tập trung nhất là khu trưng dụng trường học, ký túc xá khi tình hình dịch được cải thiện.
Đối với hệ thống điều trị, sau ngày 30/9, thành phố dần chuyển đổi các bệnh viện điều trị Covid-19 về đúng công năng ban đầu. Trước tiên, đến ngày 30/9, Bệnh viện đa khoa tại quận 7, huyện Củ Chi, Cần Giờ sẽ được chuyển đổi công năng trở lại, phục vụ các bệnh nhân không mắc Covid-19.
Tuy nhiên, sau khi trở về công năng như trước, các bệnh viện cần đảm bảo khu vực cách ly tạm thời để dành cho các trường hợp nghi ngờ. Khu vực này cần có 10 đến 20 giường và chuẩn bị đầy đủ oxy cho hệ thống sơ cứu, cấp cứu bệnh nhân Covid-19 nặng.
Theo thống kê của Trung tâm Kiểm soát bệnh tật TP HCM, tính đến sáng 23/9, thành phố ghi nhận tổng cộng 354.193 ca Covid-19. Trong đó, số F0 đang cách ly điều trị tại nhà 35.489 người; 23.467 F0 đang cách ly tại các cơ sở cách ly tập trung; số ca đang điều trị tại bệnh viện tầng hai và ba là 40.970.",Thư Anh
3,Một năm Bệnh viện dã chiến Củ Chi 'đỏ lửa',"Thứ sáu, 12/2/2021, 05:03 (GMT+7)","TP HCMBệnh viện dã chiến Củ Chi thành lập ngày 10/2/2020, hoạt động liên tục một năm nay, điều trị khỏi 177 bệnh nhân Covid-19, không có nhân viên bị lây nhiễm.","Bác sĩ Nguyễn Thành Dũng, giám đốc bệnh viện, cho biết đây là cơ sở y tế dã chiến đầu tiên lập tại TP HCM, điều trị bệnh nhân Covid-19 có triệu chứng từ nhẹ đến trung bình. Các bệnh nhân nặng được điều trị tại Bệnh viện Bệnh Nhiệt đới TP HCM.
Bệnh viện nằm trong doanh trại quân đội, cách trung tâm TP HCM khoảng 50 km. Thiết kế viện chia thành các khu vực biệt lập, đảm bảo cách ly giữa nhóm bệnh nhân Covid-19 và F1 cũng như khu vực hành chính, sinh hoạt của nhân viên y tế. Ngoài 300 giường thường quy, bệnh viện còn trang bị 8 phòng áp lực âm cho trường hợp bệnh diễn biến nặng, một phòng hồi sức tích cực và một phòng mổ trung phẫu, sử dụng nếu bệnh nhân cần mổ ruột thừa khẩn cấp. Các hệ thống máy xét nghiệm, máy siêu âm và chụp X-quang di động đến tận giường bệnh.
""Ngày đầu chúng tôi rất bỡ ngỡ, nhưng mọi chuyện đã qua rồi"", bác sĩ Dũng từ chối nhắc lại những khó khăn một năm qua mà bản thân và đồng đội đã gánh vác, bởi ông cho rằng với người làm nghề y ""điều đó đâu sá gì"".
Một năm qua, bệnh viện luôn mở cửa, linh hoạt tiếp nhận các F0 và F1, tùy theo tình hình dịch bệnh. Tổng cộng, 177 bệnh nhân đã được chữa khỏi (toàn thành phố ghi nhận 204 ca), chỉ hai ca nặng là ""bệnh nhân 32"" và phi công Anh cần chuyển lên tuyến trên; 816 F1 được giám sát cách ly an toàn.
Hiện, 43 bệnh nhân Covid-19 ghi nhận tại TP HCM đang điều trị tại đây, gồm 33 ca liên quan đến cụm dịch sân bay Tân Sơn Nhất. Ngoài ra, có 29 F1 cách ly tập trung. Bệnh nhân chủ yếu thuộc nhóm người trẻ, có sức khỏe, không có bệnh lý nền nên các bác sĩ yên tâm điều trị.
Theo Phó giám đốc Sở Y tế Tăng Chí Thượng, ngay từ đầu, thành phố đã đặt mục tiêu ""dã chiến nhưng phải chuyên nghiệp"" cho Bệnh viện dã chiến Củ Chi. Mọi nhân viên y tế ở đây đều phải trải qua khóa tập huấn kỹ lưỡng về chuyên môn điều trị, đặc biệt là kiểm soát nhiễm khuẩn. Nhờ đó, không xảy ra tình trạng lây nhiễm chéo nCoV cho nhân viên y tế.
Thêm nữa, khi ấy chỉ có 5 ngày để xây dựng bệnh viện, thành phố đã chủ trương huy động tối đa mọi nguồn lực sẵn có tại các cơ sở y tế trên toàn địa bàn, từ nhân sự, phương tiện, trang thiết bị, hạn chế mua, cấp mới. Với nhân sự, các bệnh viện cử luân phiên bác sĩ, điều dưỡng trực chiến xoay vòng suốt cả năm. Mỗi tua trực gồm 40 người, làm việc 5 tuần. Sau khi bàn giao công việc, họ được nghỉ hai tuần tại nhà, cũng là thời gian tự cách ly.
""Nếu không có hai bệnh viện chuyên điều trị Covid-19 là dã chiến Củ Chi và Cần Giờ, ngành y tế và Bệnh viện Bệnh Nhiệt đới sẽ rất 'mệt'"", ông Thượng nói.
Sáng 11/2, Thứ trưởng Bộ Y tế Nguyễn Trường Sơn, trưởng Bộ phận thường trực đặc biệt phòng chống Covid-19 tại TP HCM đến chúc tết và động viên các bác sĩ, điều dưỡng tại đây.
Thứ trưởng khen ngợi sự tự chủ, đi trước đón đầu của TP HCM khi quyết định xây dựng, duy trì các bệnh viện điều trị Covid chuyên biệt. Ông chia sẻ, khi dịch mới xuất hiện, nhiều người cho rằng việc thành lập bệnh viện dã chiến là chưa cần thiết. Nhưng qua các đợt dịch ở Đà Nẵng, Hải Dương, Quảng Ninh đến cụm dịch Tân Sơn Nhất sau này, đã khẳng định bước đi đúng đắn của thành phố, bởi không phải tất cả các bệnh nhân đều có triệu chứng nặng để vào điều trị ở tuyến trên.
Nhận định tình hình hiện tại, Thứ trưởng khẳng định: ""Số lượng ca mắc đang có xu hướng giảm nhưng chưa thể tiên lượng trước điều gì. Việc duy trì bệnh viện dã chiến là điều rất cần thiết"".
TP HCM có 5 bệnh viện chuyên điều trị Covid-19, gồm Bệnh viện Bệnh Nhiệt đới, dã chiến Củ Chi, dã chiến Cần Giờ, Bệnh viện Nhi đồng thành phố, Nhi đồng 2 (nếu người nhiễm là trẻ em). Bệnh viện Phạm Ngọc Thạch và Bệnh viện Ung bướu cơ sở hai sẽ được trưng dụng nếu số ca nặng tăng cao.",Thư Anh
4,Bệnh viện điều trị Covid-19 Cần Giờ hoạt động lại,"Thứ sáu, 31/7/2020, 18:07 (GMT+7)","TP HCMSở Y tế thành phố tái kích hoạt Bệnh viện điều trị Covid-19 Cần Giờ, bắt đầu từ 9h ngày 1/8.","Ngoài ra, bệnh viện dã chiến Củ Chi vẫn hoạt động liên tục từ đầu mùa dịch, ngày 10/2 đến nay. Bệnh viện điều trị Covid-19 Cần Giờ được khởi động lại, sẵn sàng đối phó với đợt dịch diễn biến phức tạp.
Hai bệnh viện này sẽ tiếp nhận cách ly những bệnh nhân có triệu chứng sốt, viêm đường hô hấp, hoặc giống cảm cúm và có tiền sử đến Đà Nẵng từ ngày 1/7, đang được cách ly tập trung, theo dõi và điều trị tại các bệnh viện trên địa bàn.
Bệnh viện điều trị Covid-19 Cần Giờ tăng thêm 200 giường, nâng tổng công suất thành 500 giường. Bệnh viện dã chiến Củ Chi công suất 300 giường. Đây được xem là cơ sở 2, cơ sở 3 của Bệnh viện Bệnh Nhiệt đới TP HCM, nhằm giảm tải cho các bệnh viện thành phố, quận huyện. Đồng thời, làm giảm rủi ro lây chéo tại các bệnh viện đa khoa vốn có nhiều bệnh nhân khác.
Để hai bệnh viện trên hoạt động, Sở Y tế phải huy động sự hỗ trợ và chia sẻ nguồn nhân lực của các bệnh viện thành phố và bệnh viện quận, huyện.
Bệnh viện điều trị Covid-19 Cần Giờ, do Bệnh viện quận Thủ Đức chịu trách nhiệm luân phiên bác sĩ, điều dưỡng đến công tác và phối hợp Bệnh viện Bệnh Nhiệt đới hỗ trợ chuyên môn. Các y, bác sĩ của Trung tâm y tế Cần Giờ cũng tham gia chăm sóc bệnh nhân.
Bệnh viện cách trung tâm TP HCM hơn 50 km về phía đông nam, đường tới qua phà Bình Khánh. Được thành lập ngày 16/3 trên cơ sở vật chất cho Trung tâm Y tế huyện Cần Giờ. Bệnh viện tạm ngưng hoạt động ngày 4/5, khi dịch Covid-19 tại TP HCM đã lui.
Trong đợt dịch trước, Bệnh viện điều trị Covid-19 Cần Giờ đã tiếp nhận điều trị 141 trường hợp nghi nhiễm, trong đó 16 ca xác định dương tính. Người cuối cùng tại đây xuất viện ngày 18/4.
Hiện, ngoài vợ chồng võ sư ""bệnh nhân 449"" và ""bệnh nhân 450"" điều trị, TP HCM thêm ba ca nghi nhiễm nCoV. Thông tin được Giám đốc Sở Y tế TP HCM Nguyễn Tấn Bỉnh cho biết tại cuộc họp trực tuyến của Ban chỉ đạo phòng chống Covid-19 của TP HCM chiều 31/7.
Ba người phụ nữ nghi nhiễm ở Thủ Đức, Tân Phú và quận 10. Tất cả đều có yếu tố dịch tễ từ Bệnh viện Đà Nẵng. Họ có kết quả xét nghiệm bước đầu dương tính, đang chờ Bộ Y tế công bố.",Thư Anh
5,3 phòng cách ly áp lực âm ở bệnh viện dã chiến Củ Chi,"Thứ sáu, 13/3/2020, 14:23 (GMT+7)","TP HCMPhòng áp lực âm Bệnh viện dã chiến Củ Chi hoạt động từ ngày 13/3, cách ly bệnh nhân nghi nhiễm có kết quả dương tính hoặc đang chờ xét nghiệm lần 2.","
Sở Y tế TP HCM cho biết các phòng cách ly áp lực âm được trang bị đầy đủ dụng cụ, trang thiết bị cấp cứu. Người bệnh được cách ly và giám sát qua màn hình camera, y bác sĩ trao đổi với người bệnh qua hệ thống camera.

Phòng được thiết kế theo nguyên tắc không khí chỉ lưu thông một chiều, áp lực âm hút không khí vào bên trong rồi chạy ra ngoài qua màng lọc cực kỳ đặc biệt, lọc được cả virus rất nhỏ. Thiết kế này nhằm đảm bảo mầm bệnh không phát tán ra môi trường xung quanh.

Bệnh viện dã chiến Củ Chi hoạt động từ ngày 10/2, có nhiệm vụ thực hiện cùng lúc ""2 vòng cách ly"". Cách ly vòng một là điều trị những trường hợp có xét nghiệm dương tính và những trường hợp nghi ngờ. Cách ly vòng 2, tức cách ly tập trung những trường hợp có yếu tố dịch tễ như đến từ vùng dịch, tiếp xúc với bệnh nhân nhưng chưa có triệu chứng.

Sau hơn một tháng hoạt động, công suất sử dụng của bệnh viện hiện 90%, chủ yếu cách ly vòng 2. Bệnh viện giữ 10% công suất giường bệnh để sẵn sàng cho ca dương tính hoặc nghi ngờ.

Hiện nay những người có yếu tố dịch tễ nhưng chưa có triệu chứng lâm sàng được TP HCM đưa vào khu cách ly tập trung. Thành phố đang có 3 khu cách ly tập trung tại huyện Nhà Bè (108 giường), huyện Củ Chi (350 giường), huyện Cần Giờ (200 giường). Ngoài ra các quận huyện đều có cơ sở cách ly tập trung riêng.

Ba khu cách ly dã chiến đã sẵn sàng hoạt động, do Bộ Quốc phòng quản lý, gồm ở quận 12 (1.000 giường), huyện Hóc Môn (500 giường) và khuôn viên Bệnh viện Quân y 175 (200 giường).

Thời gian qua, phần lớn trường hợp cách ly theo dõi tại bệnh viện dã chiến Củ Chi. Hiện thành phố lập thêm các khu cách ly tập trung mới, bệnh viện dã chiến Củ Chi chuyển sang tập trung tiếp nhận điều trị các trường hợp có triệu chứng từ các khu cách ly tập trung chuyển đến.","
Bệnh viện dã chiến Củ Chi hiện được xem như cơ sở hai của Bệnh viện Bệnh Nhiệt đới TP HCM."
6,TP HCM có thêm bệnh viện chuyên điều trị Covid-19,"Thứ hai, 16/3/2020, 15:51 (GMT+7)",Bệnh viện huyện Cần Giờ với 300 giường trở thành cơ sở chuyên điều trị bệnh nhân Covid-19 từ ngày 16/3.,"
Hôm nay Bệnh viện Điều trị Covid-19 tại Cần Giờ bắt đầu tiếp nhận những người từ các khu cách ly tập trung xuất hiện các triệu chứng sốt, ho... Nơi đây cách trung tâm TP HCM hơn 50 km về phía đông nam, đường tới qua phà Bình Khánh. 

Bệnh viện là cơ sở y tế mới đưa vào sử dụng một năm qua. Hiện bệnh viện được bổ sung các trang thiết bị hồi sức hiện đại, lắp đặt 10 phòng cách ly áp lực âm để phục vụ điều trị.

Bệnh viện có 3 khu vực cách ly chính: khu điều trị bệnh nhân dương tính, khu dành cho bệnh nhân âm tính cần theo dõi thêm, khu dành cho bệnh nhân chờ kết quả xét nghiệm. 

Bệnh nhân thông thường tạm thời được chuyển về Bệnh viện huyện Nhà Bè và các bệnh viện thành phố, đến khi dịch Covid-19 chấm dứt.

Sở Y tế TP HCM điều động luân phiên y bác sĩ các bệnh viện Bệnh Nhiệt đới, Quận Thủ Đức, Quận 2 cùng đội ngũ y tế tại bệnh viện Cần Giờ tham gia điều trị bệnh nhân.

Như vậy, hiện thành phố có hai bệnh viện chuyên điều trị Covid-19, trong đó một tại Củ Chi (300 giường) và tại Cần Giờ (300 giường). Hai bệnh viện này được kết nối chặt chẽ về chuyên môn, được xem là cơ sở 2 và 3 của Bệnh viện Bệnh Nhiệt đới TP HCM.","
Đến nay, TP HCM điều trị 8 bệnh nhân Covid-19, trong đó 3 người đã khỏi bệnh, 5 bệnh nhân đang điều trị hiện sức khỏe ổn định, không suy hô hấp. 822 trường hợp được cách ly tại khu cách ly tập trung của thành phố, 434 người đang tiếp tục được theo dõi tại các khu cách ly quận huyện, 482 người giám sát tại nhà."
7,Ba ca nghi nhiễm nCoV ở Sài Gòn,"Thứ sáu, 31/7/2020, 16:31 (GMT+7)","Ba phụ nữ ở Thủ Đức, Tân Phú và quận 10 có nguy cơ cao nhiễm nCoV đang chờ Bộ Y tế công bố, đều có dịch tễ liên quan đến Đà Nẵng.","Thông tin được Giám đốc Sở Y tế TP HCM Nguyễn Tấn Bỉnh cho biết tại cuộc họp trực tuyến của Ban chỉ đạo phòng chống Covid-19 của TP HCM chiều 31/7.
Các trường hợp này có kết quả xét nghiệm Covid-19 bước đầu cho kết quả dương tính, đang chờ Bộ Y tế công bố. Ba người này đang được theo dõi, điều trị tại Bệnh viện Bệnh Nhiệt đới.
Đây là những người từng điều trị và chăm bệnh tại các bệnh viện ở Đà Nẵng. Cụ thể, người thứ nhất là nữ, 55 tuổi, làm nghề buôn bán ở Quảng Ngãi, từng chữa bệnh tại Bệnh viện Đà Nẵng từ ngày 29/6 đến ngày 22/7.
Ngày 23/7, bệnh nhân cùng người nhà đi xe cấp cứu tự thuê của nhà xe ở Quảng Ngãi từ Bệnh viện Đà Nẵng vào Bệnh viện Chợ Rẫy để khám. Cùng ngày, bệnh nhân về nhà ở quận Thủ Đức. Đến ngày 28/7, bà cùng chồng tự khai báo y tế và được đưa vào khu cách ly tập trung tại Thủ Đức. Mẫu xét nghiệm của người vợ cho kết dương tính nCoV, còn chồng âm tính.
Trường hợp thứ hai là nữ, 61 tuổi, ở phường Phú Thọ Hòa, quận Tân Phú đi thăm và trực tiếp chăm sóc ""bệnh nhân 436"" tại Bệnh viện Đà Nẵng từ ngày 20/7 đến ngày 23/7. Ngày 24/7, bệnh nhân cùng chồng đi máy bay vào TP HCM, về nhà tại quận Tân Phú, đến ngày 26/7, tự cách ly y tế tại nhà. Ngày 28/7, bệnh nhân cùng chồng tự khai báo y tế và cách ly tập trung tại Trung tâm Y tế quận Tân Phú, kết quả xét nghiệm dương tính ngày 30/7.
Trường hợp thứ ba cũng là nữ, 57 tuổi, ở tại phường 12, quận 10, trực tiếp chăm sóc người thân là bệnh nhân tại Bệnh viện Hoàn Mỹ Đà Nẵng, Bệnh viện Đa khoa Đà Nẵng từ ngày 1/7 đến ngày 20/7. Đến ngày 25/7, bệnh nhân đi máy bay về TP HCM tại quận 10 và cách ly tại nhà.
Ngày 27/7, bệnh nhân có ngứa họng, đàm trong ít nên vào Bệnh viện quận 10 khám và đưa vào khu sàng lọc của bệnh viện, báo cho Trung tâm Y tế quận 10 tiến hành cách ly tập trung. Ngày 29/7, bà xuất hiện triệu chứng mệt, khó thở nên được chuyển sang khu cách ly điều trị của bệnh viện và mẫu xét nghiệm dương tính ngày 30/7.
Từ tối qua, các quận Thủ Đức, Tân Phú và 10 khoanh vùng, phong tỏa và phun khử khuẩn những nơi có ca nghi nhiễm nCoV trên địa bàn.
Theo ghi nhận, trưa 31/7, hàng rào phong tỏa đã được dựng lên trước 3 căn nhà liền kề đóng cửa ở số 46-48-50 đường Phú Thọ Hòa, quận Tân Phú. Phía bên ngoài khoảng 10 công an, dân phòng và thanh niên xung thay phiên túc trực, Người dân ở trong nhà được tiếp tế đồ ăn, nước uống từ địa phương.
Bà Võ Thị Gái, hàng xóm của các hộ dân, cho biết khá lo lắng khi khuya qua cơ quan chức năng gồm công an, dân phòng cùng nhiều người mặc đồ bảo hộ tới xịt thuốc khử trùng khu vực. Ban đầu một số người không biết chuyện gì đang xảy ra nhưng sau đó được thông báo việc khử xịt liên quan đến người bị nghi nhiễm Covid-19. Người dân được khuyến cáo không được đến gần ba ngôi nhà.
Trong đợt tái bùng phát Covid-19, TP HCM đã ghi nhận hai ca nhiễm nCoV, gồm người đàn ông quốc tịch Mỹ (võ sư, 57 tuổi - ""bệnh nhân 449"") và vợ (46 tuổi, người Việt Nam - ""bệnh nhân 450""). Cả hai người này đều đến từ Đà Nẵng.
Hôm qua, UBND TP HCM quyết định dừng hoạt động quán bar, vũ trường, việc tập trung quá 30 người nơi công cộng cũng bị cấm từ 0h ngày 31/7 cho đến khi có thông báo mới.",Hữu Công - Đinh Văn - Hạ Giang
8,Phong tỏa tuyến đường Sài Gòn vì ca nghi nhiễm ncoV,"Thứ năm, 30/7/2020, 20:08 (GMT+7)","Cơ quan chức năng đã phong tỏa đường số 10, cách ly khoảng 40 hộ trong khu dân cư Hiệp Bình Chánh, quận Thủ Đức vì ca nghi nhiễm nCoV về từ Đà Nẵng.","Tối 30/7, hơn 30 công an, dân phòng dựng hàng rào chốt chặn không cho người dân ra vào đường số 10, Khu phố 6, phường Hiệp Bình Chánh. Năm nhân viên y tế trong trang phục bảo hộ vào từng nhà xịt khử trùng. Một số người dân trong hẻm ra ngoài đường trò chuyện, vẻ bình thản. Tuy nhiên, sau đó họ được yêu cầu vào trong khu vực cách ly.
Đường số 10 rộng chừng 6m, dài 160 m. Cuối đường tiếp giáp rạch Dừa. Phía đầu đường đối diện một trường mầm non 2 tầng.
Trung tâm Y tế quận Thủ Đức cho biết theo thông tin từ Trung tâm Kiểm soát bệnh tật thành phố, việc phong tỏa đường trên có liên quan đến một ca nghi nhiễm Covid-19.""Đây mới là ca nghi nhiễm, tuy nhiên để bảo đảm an toàn phải tiến hành phong tỏa, khử khuẩn"", đại diện Trung tâm Y tế quận Thủ Đức nói.
Theo nguồn tin của VnExpress, ca nghi nhiễm là nữ, từng điều trị tại Bệnh viện Đà Nẵng, sau đó chuyển vào TP HCM chữa trị. Ngày 23/7, sau khi về nhà trên đường này, cô đăng ký khai báo y tế và được yêu cầu tự cách ly. Đến ngày 28/7, người này được đưa đi cách ly tập trung, đang chờ kết quả xét nghiệm.
Trước đó, liên quan đến hai bệnh nhân là vợ chồng võ sư người Mỹ, khách sạn 9 tầng đối diện Bệnh viện Chợ Rẫy và khu dân cư ở phường 16, quân 8 đã bị phong tỏa.
Hôm nay, UBND TP HCM quyết định dừng hoạt động quán bar, vũ trường, việc tập trung quá 30 người nơi công cộng cũng bị cấm từ 0h ngày 31/7 cho đến khi có thông báo mới.
Chiều hôm qua, Bộ Y tế công bố hai bệnh nhân nhiễm nCoV tại TP HCM là một người đàn ông quốc tịch Mỹ (võ sư, 57 tuổi - ""bệnh nhân 449"") và vợ (46 tuổi, người Việt Nam - ""bệnh nhân 450""), kết thúc hơn 100 ngày không có ca lây nhiễm trong cộng đồng tại đô thị lớn nhất nước. Cả 2 ca đều đến từ Đà Nẵng.
Trong đợt tái bùng phát Covid-19, đến nay ghi nhận tổng cộng 48 ca nhiễm cộng đồng. Trong đó, Đà Nẵng 34 ca, Quảng Nam 8 ca, TP HCM hai ca, Hà Nội hai ca, Quảng Ngãi một ca, Đăk Lăk một ca. Các bệnh nhân này đều có yếu tố dịch tễ liên quan Đà Nẵng.
Tổng số ca nhiễm lên 464, trong đó 369 người đã khỏi, còn 95 bệnh nhân đang điều trị.",Hữu Công - Đinh Văn - Hà An
9,TP HCM phong tỏa khách sạn vì ca nghi nhiễm nCoV,"Thứ tư, 29/7/2020, 12:00 (GMT+7)","Ngành y tế đã phun xịt, khử khuẩn và phong tỏa khách sạn trên đường Nguyễn Chí Thanh (quận 11), đối diện Bệnh viện Chợ Rẫy, vì liên quan ca nghi nhiễm nCoV.","""Khách sạn này có 5 nhân viên phục vụ và 48 khách đang lưu trú. Trong đó 4 nhân viên tiếp xúc trực tiếp đã được đi cách ly tập trung, người còn lại và 48 khách tự cách ly theo dõi tại khách sạn"", nguồn tin nói với VnExpress.
Người này cho biết, ca nghi nhiễm từ Đà Nẵng vào TP HCM, từng lưu trú ở đây. Từ tối qua Trung tâm y tế quận 11 phối hợp với các đơn vị liên quan đã tiến hành phun xịt, khử khuẩn khách sạn.
Ca nghi nhiễm cũng từng điều trị ở Bệnh viện Quốc tế City, quận Bình Tân. Sáng 29/7, bệnh viện đã thông báo ngừng tiếp nhận bệnh nhân ba ngày để có các biện pháp đảm bảo an toàn phòng chống Covid-19.
Đêm 28/7, Bộ Y tế thông báo hai ca nghi nhiễm nCoV, liên quan đến hai bệnh viện ở TP HCM là Bệnh viện Chợ Rẫy và Bệnh viện Quốc tế City nhưng chưa công bố kết quả xét nghiệm khẳng định Covid-19.
Ghi nhận trưa 29/7, khách sạn bị phong tỏa cao 9 tầng, sức chứa 42 phòng. Nơi này đối diện bệnh viện lớn nhất TP HCM nên lượng người qua lại đông, xung quanh nhiều nhà trọ, tiệm thuốc, cửa hàng tạp hóa...
Bên ngoài tòa nhà có hai dân quân và một công an túc trực hạn chế người ra vào, phía trong sảnh vắng vẻ. Một số khách ra vào đều phải đeo khẩu trang và được hướng dẫn rửa tay bằng nước sát khuẩn.
""Người cách ly nhu cầu ăn uống phải gọi người nhà hoặc đặt dịch vụ mang tới"", cảnh sát nói và cho biết việc phong tỏa sẽ thực hiện nghiêm đến khi có thông báo mới.
Theo Trung tâm Kiểm soát bệnh tật TP HCM, tính đến sáng nay thành phố ghi nhận tổng cộng 61 ca nhiễm nCoV, đều đã được chữa khỏi.
Liên quan đến diễn biến phức tạp của dịch, chiều 28/7, Phó chủ tịch thường trực UBND TP HCM Lê Thanh Liêm gửi công văn khẩn đề nghị lãnh đạo các sở, ban, ngành; Chủ tịch UBND các quận, huyện, phường, xã, thị trấn thực hiện nghiêm biện pháp phòng chống Covid-19.
Thành phố đề nghị Bệnh viện dã chiến Củ Chi, Bệnh viện Điều trị Covid-19 Cần Giờ, Bệnh viện Nhi đồng TP luôn sẵn sàng tiếp nhận người bệnh bị nhiễm Covid-19, đặc biệt là trường hợp bệnh nặng. Lực lượng y tế triển khai các quy trình xử lý đối với các tình huống dịch bệnh; đảm bảo năng lực truy vết, xét nghiệm nhanh, xử lý kịp thời ca bệnh phát sinh; các cơ sở cách ly tập trung tại quận huyện sẵn sàng tổ chức cách ly người tiếp xúc với ca bệnh, ca nghi ngờ.
Bộ Y tế sáng nay ghi nhận 8 ca nhiễm nCoV, đều liên quan đến bệnh viện ở Đà Nẵng, nâng số ca nhiễm năm ngày qua lên 30. Riêng Đà Nẵng ghi nhận 26 ca.",Hữu Công - Hà An - Đinh Văn
10,TP HCM phong tỏa khu dân cư vì 'bệnh nhân 450',"Thứ tư, 29/7/2020, 18:33 (GMT+7)","Cơ quan chức năng đã phong tỏa con hẻm trên đường Hoàng Ngân, phường 16, quận 8, cách ly khoảng 50 hộ dân vì liên quan ""bệnh nhân 450"" đến từ Đà Nẵng.","Đoạn hẻm phong tỏa khoảng 100 m, mỗi đầu đều có chốt gác cấm người dân ra vào. Ở mỗi chốt có khoảng 10 người trực, gồm công an, dân phòng... Khi người thân tiếp tế thức ăn, nước uống, cán bộ phường nhận rồi đưa vào cho người bị cách ly.
Theo người dân, việc phong tỏa, khử trung khu vực này được cơ quan chức năng tiến hành từ tối qua. Đây là nơi ""bệnh nhân 450"", nữ, 46 tuổi, đã ghé qua khi đến TP HCM. Bà này là người chăm sóc ""bệnh nhân 449"" khi điều trị viêm phổi tại Đà Nẵng.
Theo báo cáo của UBND quận 8, ngày 20/7, bà này cùng người đàn ông 57 tuổi (quốc tịch Mỹ, nghề nghiệp võ sư) chuyển từ Bệnh viện Đa khoa Đà Nẵng đến Bệnh viện Chợ Rẫy bằng xe cấp cứu.
Do bệnh viện Chợ Rẫy đông nên bệnh nhân chuyển đến Bệnh viện Quốc tế City, quận Bình Tân. Từ ngày 21 đến 22/7, người phụ nữ lưu trú tại khách sạn trên đường Nguyễn Chí Thanh.
Trưa 23/7, bà được em trai 25 tuổi đón từ bệnh viện về nhà ở phường 16, quận 8. Sau khi cậu em đi làm ở quán ốc, bà lấy xe máy rời khỏi nhà. Người nhà cho biết, trong quá trình bà này ở nhà khoảng một giờ, mọi người tiếp xúc đều đeo khẩu trang.
Đến ngày 28/7, ""bệnh nhân 450"" quay về nhà lấy đồ, uống cà phê trước nhà trong khoảng một tiếng rưỡi.
Ngành y tế quận 8 đã khoanh vùng, phun hóa chất khử trùng toàn bộ khu vực. Ba người F1 gồm mẹ, anh và em trai của nữ bệnh nhân được đưa đi cách ly tập trung. Ngoài ra, 11 người F2 và 7 người F3 được cách ly, theo dõi y tế tại nhà.
Liên quan ca này, sáng nay, ngành chức năng cũng phong tỏa khách sạn 9 tầng trên đường Nguyễn Chí Thanh, đối diện Bệnh viện Chợ Rẫy. Bệnh viện Quốc tế City đã thông báo ngừng tiếp nhận bệnh nhân ba ngày để có các biện pháp đảm bảo an toàn phòng chống Covid-19.","Năm ngày qua ghi nhận 34 ca nhiễm cộng đồng. Trong đó, Đà Nẵng ghi nhận 26 ca nhiễm, Quảng Ngãi một ca, Quảng Nam ba ca, Hà Nội một ca, Đăk Lăk một ca, TP HCM hai ca. Các bệnh nhân này đều có yếu tố dịch tễ liên quan Đà Nẵng."
11,Dừng hoạt động quán bar ở Sài Gòn,"Thứ năm, 30/7/2020, 18:09 (GMT+7)","Toàn bộ 180 quán bar, vũ trường phải dừng hoạt động, việc tập trung quá 30 người nơi công cộng cũng bị cấm từ 0h ngày 31/7, theo quyết định của UBND TP HCM.","Đây là hai nội dung quan trọng trong Quyết định được Phó chủ tịch UBND TP HCM Lê Thanh Liêm ký chiều 30/7, nhằm phòng chống Covid-19 trên địa bàn, theo đề xuất của Sở Y tế và căn cứ Thông báo của Văn phòng chính phủ về Kết luận của Thủ tướng Nguyễn Xuân Phúc sau cuộc họp của Chính phủ hôm qua.
Động thái này được đưa ra sau một ngày TP HCM ghi nhận hai ca dương tính nCoV, chấm dứt 117 ngày không có ca lây nhiễm trong cộng đồng tại đô thị lớn nhất nước.
Dịch vụ quán bar, vũ trường ở TP HCM là hai loại hình giải trí chỉ mới được hoạt động trở lại từ 9/5, sau gần 2 tháng phải dừng hoạt động để phòng chống dịch theo yêu cầu của chính quyền thành phố.
Ngoài bar, vũ trường, theo quyết định hôm nay, các sự kiện có tập trung đông người như lễ hội, hội chợ, hội nghị xúc tiến đầu tư, các hội nghị, hội thảo chưa cấp thiết khác cũng phải tạm ngưng tổ chức cho đến khi có thông báo mới.
Chính quyền thành phố cũng khuyến cáo hạn chế tập trung đông người tại tiệc cưới, tang lễ...; không tập trung quá 30 người nơi công cộng (ngoài trường học, bệnh viện...); các hình thức họp trực tuyến được khuyến khích; người dân được yêu cầu nghiêm túc thực hiện việc đeo khẩu trang nơi công cộng.
Đối với các cuộc họp cần thiết, người dự phải đeo khẩu trang, hạn chế việc bắt tay, trao đổi ở cự ly gần, rửa tay trước và sau cuộc họp; đồng thời vệ sinh, khử khuẩn các bề mặt, các đồ vật tiếp xúc trước với người dự họp sau mỗi cuộc họp.
Các cấp chính quyền được yêu cầu không được chủ quan, lơ là, không được để dịch bệnh bùng phát trên diện rộng.
Chiều qua, Bộ Y tế công bố hai bệnh nhân nhiễm nCoV tại TP HCM là một người đàn ông quốc tịch Mỹ (võ sư, 57 tuổi - ""bệnh nhân 449"") và vợ (46 tuổi, người Việt Nam - ""bệnh nhân 450""). Cả hai ca đều đến từ Đà Nẵng.
Như vậy, tính đến nay TP HCM ghi nhận 63 ca nhiễm, trong đó 61 ca đã được điều trị khỏi; 449 người đang được cách ly tại các khu tập trung và 251 người đang cách ly tại nhà.",Hữu Công
12,Hai ca nhiễm nCoV ở Sài Gòn tiếp xúc hơn 100 người,"Thứ tư, 29/7/2020, 18:55 (GMT+7)","Người đàn ông quốc tịch Mỹ, 57 tuổi và vợ, 46 tuổi, ở TP HCM nhiễm nCoV được xác minh đã tiếp xúc gần (F1) 104 người và tiếp xúc gián tiếp (F2) 55 người.","Tại buổi họp báo Thông tin về tình hình dịch Covid-19 và công tác ứng phó của TP HCM chiều 29/7, bác sĩ Nguyễn Trí Dũng, Giám đốc Trung tâm Kiểm soát bệnh tật TP HCM (Sở Y tế TP HCM) cho biết, đã xác minh được 148 người liên quan đến hai ca nhiễm, 10 người đang xác minh, một trường hợp đang truy vết; đã lấy mẫu 147 trường hợp (121 âm tính, 26 đang chờ kết quả).
Trong đó, 81 mẫu xét nghiệm của những người tiếp xúc gần và gián tiếp ở Bệnh viện City đều âm tính, 27 trường hợp ở Bệnh viện Chợ Rẫy có tiếp xúc bệnh nhân cũng âm tính.
Chiều nay, hai bệnh nhân được Bộ Y tế công bố dương tính nCoV. ""Bệnh nhân 449"" là người đàn ông 57 tuổi (quốc tịch Mỹ) và ""bệnh nhân 450"" là vợ (quốc tịch Việt Nam).
""Bệnh nhân 449"" trước đó sống ở Đà Nẵng có dấu hiệu về hô hấp cuối tháng 6, nhập Bệnh viện Hoàn Mỹ Đà Nẵng, ngày 6/7 chuyển đến Bệnh viện Đa khoa Đà Nẵng.
Ngày 21/7, cả hai người được chuyển từ Bệnh viện Đa khoa Đà Nẵng đến bệnh viện Chợ Rẫy TP HCM bằng xe cấp cứu. Tuy nhiên, người này chỉ ở bệnh viện Chợ Rẫy khoảng 10 tiếng; sau đó chuyển đến Bệnh viện Triều An một tiếng rồi xin chuyển về Bệnh viện Quốc tế City (quận Bình Tân).
Ngày 28/7, bệnh nhân có kết quả xét nghiệm dương tính, tối qua chuyển qua Bệnh viện Bệnh Nhiệt đới.
""Bệnh nhân 450"" là người chăm sóc chồng, xuất hiện triệu chứng bệnh vào ngày 26/7, kết quả xét nghiệm cũng dương tính nCoV sau đó.
Sáng 29/7, do liên quan đến hai ca bệnh này, Bệnh viện Quốc tế City ở quận Bình Tân thông báo ngừng tiếp nhận bệnh nhân. Trong ba ngày tới, bệnh viện sẽ không đón khách thăm bệnh, nhà thầu. Việc này nhằm đảm bảo an toàn cho người bệnh, nhân viên y tế và kiểm soát nguy cơ lây lan mầm bệnh trong bệnh viện, theo chỉ đạo của Sở Y tế TP HCM.
Tối qua, ngành y tế đã phun xịt, khử khuẩn và phong tỏa khách sạn trên đường Nguyễn Chí Thanh (quận 11), đối diện Bệnh viện Chợ Rẫy, vì liên quan hai ca nhiễm nCoV. Bốn nhân viên tiếp xúc trực tiếp đã được đi cách ly tập trung, người còn lại và 48 khách tự cách ly theo dõi tại khách sạn.
Ngoài ra, con hẻm trên đường Hoàng Ngân, phường 16, quận 8 - nơi có nhà ""bệnh nhân 450"" ghé qua - cũng bị phong tỏa. Hơn 50 hộ dân (190 nhân khẩu) tại đây bị cách ly.
Như vậy, năm ngày qua cả nước ghi nhận 34 ca nhiễm cộng đồng. Trong đó, Đà Nẵng 26 ca nhiễm, Quảng Ngãi một ca, Quảng Nam ba ca, Hà Nội một ca, Đăk Lăk một ca, TP HCM hai ca. Các bệnh nhân này đều có yếu tố dịch tễ liên quan Đà Nẵng.
Tổng số ca nhiễm lên 450, trong đó 369 người đã khỏi, còn 81 người đang điều trị.
Hơn 16.000 người tiếp xúc gần và nhập cảnh từ vùng dịch được cách ly. Trong đó, cách ly tập trung tại bệnh viện 375 người, tại cơ sở tập trung gần 13.000, số còn lại tại nhà hoặc nơi lưu trú.
Thế giới ghi nhận khoảng 660.000 người chết trong hơn 16,8 triệu ca nhiễm tại 213 quốc gia. Mỹ và Brazil là hai nước có số ca mắc và số tử vong cao nhất thế giới. Tại khu vực Đông Nam Á, Indonesia ghi nhận số mắc và số tử vong cao nhất.
Việt Nam chưa ghi nhận ca tử vong do nCoV.",Hữu Công - Hà An
13,Hai ca nhiễm nCoV ở Sài Gòn tiếp xúc hơn 100 người,"Thứ tư, 29/7/2020, 18:55 (GMT+7)","Người đàn ông quốc tịch Mỹ, 57 tuổi và vợ, 46 tuổi, ở TP HCM nhiễm nCoV được xác minh đã tiếp xúc gần (F1) 104 người và tiếp xúc gián tiếp (F2) 55 người.","Tại buổi họp báo Thông tin về tình hình dịch Covid-19 và công tác ứng phó của TP HCM chiều 29/7, bác sĩ Nguyễn Trí Dũng, Giám đốc Trung tâm Kiểm soát bệnh tật TP HCM (Sở Y tế TP HCM) cho biết, đã xác minh được 148 người liên quan đến hai ca nhiễm, 10 người đang xác minh, một trường hợp đang truy vết; đã lấy mẫu 147 trường hợp (121 âm tính, 26 đang chờ kết quả).
Trong đó, 81 mẫu xét nghiệm của những người tiếp xúc gần và gián tiếp ở Bệnh viện City đều âm tính, 27 trường hợp ở Bệnh viện Chợ Rẫy có tiếp xúc bệnh nhân cũng âm tính.
Chiều nay, hai bệnh nhân được Bộ Y tế công bố dương tính nCoV. ""Bệnh nhân 449"" là người đàn ông 57 tuổi (quốc tịch Mỹ) và ""bệnh nhân 450"" là vợ (quốc tịch Việt Nam).
""Bệnh nhân 449"" trước đó sống ở Đà Nẵng có dấu hiệu về hô hấp cuối tháng 6, nhập Bệnh viện Hoàn Mỹ Đà Nẵng, ngày 6/7 chuyển đến Bệnh viện Đa khoa Đà Nẵng.
Ngày 21/7, cả hai người được chuyển từ Bệnh viện Đa khoa Đà Nẵng đến bệnh viện Chợ Rẫy TP HCM bằng xe cấp cứu. Tuy nhiên, người này chỉ ở bệnh viện Chợ Rẫy khoảng 10 tiếng; sau đó chuyển đến Bệnh viện Triều An một tiếng rồi xin chuyển về Bệnh viện Quốc tế City (quận Bình Tân).
Ngày 28/7, bệnh nhân có kết quả xét nghiệm dương tính, tối qua chuyển qua Bệnh viện Bệnh Nhiệt đới.
""Bệnh nhân 450"" là người chăm sóc chồng, xuất hiện triệu chứng bệnh vào ngày 26/7, kết quả xét nghiệm cũng dương tính nCoV sau đó.
Sáng 29/7, do liên quan đến hai ca bệnh này, Bệnh viện Quốc tế City ở quận Bình Tân thông báo ngừng tiếp nhận bệnh nhân. Trong ba ngày tới, bệnh viện sẽ không đón khách thăm bệnh, nhà thầu. Việc này nhằm đảm bảo an toàn cho người bệnh, nhân viên y tế và kiểm soát nguy cơ lây lan mầm bệnh trong bệnh viện, theo chỉ đạo của Sở Y tế TP HCM.
Tối qua, ngành y tế đã phun xịt, khử khuẩn và phong tỏa khách sạn trên đường Nguyễn Chí Thanh (quận 11), đối diện Bệnh viện Chợ Rẫy, vì liên quan hai ca nhiễm nCoV. Bốn nhân viên tiếp xúc trực tiếp đã được đi cách ly tập trung, người còn lại và 48 khách tự cách ly theo dõi tại khách sạn.
Ngoài ra, con hẻm trên đường Hoàng Ngân, phường 16, quận 8 - nơi có nhà ""bệnh nhân 450"" ghé qua - cũng bị phong tỏa. Hơn 50 hộ dân (190 nhân khẩu) tại đây bị cách ly.
Như vậy, năm ngày qua cả nước ghi nhận 34 ca nhiễm cộng đồng. Trong đó, Đà Nẵng 26 ca nhiễm, Quảng Ngãi một ca, Quảng Nam ba ca, Hà Nội một ca, Đăk Lăk một ca, TP HCM hai ca. Các bệnh nhân này đều có yếu tố dịch tễ liên quan Đà Nẵng.
Tổng số ca nhiễm lên 450, trong đó 369 người đã khỏi, còn 81 người đang điều trị.
Hơn 16.000 người tiếp xúc gần và nhập cảnh từ vùng dịch được cách ly. Trong đó, cách ly tập trung tại bệnh viện 375 người, tại cơ sở tập trung gần 13.000, số còn lại tại nhà hoặc nơi lưu trú.
Thế giới ghi nhận khoảng 660.000 người chết trong hơn 16,8 triệu ca nhiễm tại 213 quốc gia. Mỹ và Brazil là hai nước có số ca mắc và số tử vong cao nhất thế giới. Tại khu vực Đông Nam Á, Indonesia ghi nhận số mắc và số tử vong cao nhất.
Việt Nam chưa ghi nhận ca tử vong do nCoV.",Hữu Công - Hà An
14,TP HCM phong tỏa khách sạn vì ca nghi nhiễm nCoV,"Thứ tư, 29/7/2020, 12:00 (GMT+7)","Ngành y tế đã phun xịt, khử khuẩn và phong tỏa khách sạn trên đường Nguyễn Chí Thanh (quận 11), đối diện Bệnh viện Chợ Rẫy, vì liên quan ca nghi nhiễm nCoV.","""Khách sạn này có 5 nhân viên phục vụ và 48 khách đang lưu trú. Trong đó 4 nhân viên tiếp xúc trực tiếp đã được đi cách ly tập trung, người còn lại và 48 khách tự cách ly theo dõi tại khách sạn"", nguồn tin nói với VnExpress.
Người này cho biết, ca nghi nhiễm từ Đà Nẵng vào TP HCM, từng lưu trú ở đây. Từ tối qua Trung tâm y tế quận 11 phối hợp với các đơn vị liên quan đã tiến hành phun xịt, khử khuẩn khách sạn.
Ca nghi nhiễm cũng từng điều trị ở Bệnh viện Quốc tế City, quận Bình Tân. Sáng 29/7, bệnh viện đã thông báo ngừng tiếp nhận bệnh nhân ba ngày để có các biện pháp đảm bảo an toàn phòng chống Covid-19.
Đêm 28/7, Bộ Y tế thông báo hai ca nghi nhiễm nCoV, liên quan đến hai bệnh viện ở TP HCM là Bệnh viện Chợ Rẫy và Bệnh viện Quốc tế City nhưng chưa công bố kết quả xét nghiệm khẳng định Covid-19.
Ghi nhận trưa 29/7, khách sạn bị phong tỏa cao 9 tầng, sức chứa 42 phòng. Nơi này đối diện bệnh viện lớn nhất TP HCM nên lượng người qua lại đông, xung quanh nhiều nhà trọ, tiệm thuốc, cửa hàng tạp hóa...
Bên ngoài tòa nhà có hai dân quân và một công an túc trực hạn chế người ra vào, phía trong sảnh vắng vẻ. Một số khách ra vào đều phải đeo khẩu trang và được hướng dẫn rửa tay bằng nước sát khuẩn.
""Người cách ly nhu cầu ăn uống phải gọi người nhà hoặc đặt dịch vụ mang tới"", cảnh sát nói và cho biết việc phong tỏa sẽ thực hiện nghiêm đến khi có thông báo mới.
Theo Trung tâm Kiểm soát bệnh tật TP HCM, tính đến sáng nay thành phố ghi nhận tổng cộng 61 ca nhiễm nCoV, đều đã được chữa khỏi.
Liên quan đến diễn biến phức tạp của dịch, chiều 28/7, Phó chủ tịch thường trực UBND TP HCM Lê Thanh Liêm gửi công văn khẩn đề nghị lãnh đạo các sở, ban, ngành; Chủ tịch UBND các quận, huyện, phường, xã, thị trấn thực hiện nghiêm biện pháp phòng chống Covid-19.
Thành phố đề nghị Bệnh viện dã chiến Củ Chi, Bệnh viện Điều trị Covid-19 Cần Giờ, Bệnh viện Nhi đồng TP luôn sẵn sàng tiếp nhận người bệnh bị nhiễm Covid-19, đặc biệt là trường hợp bệnh nặng. Lực lượng y tế triển khai các quy trình xử lý đối với các tình huống dịch bệnh; đảm bảo năng lực truy vết, xét nghiệm nhanh, xử lý kịp thời ca bệnh phát sinh; các cơ sở cách ly tập trung tại quận huyện sẵn sàng tổ chức cách ly người tiếp xúc với ca bệnh, ca nghi ngờ.
Bộ Y tế sáng nay ghi nhận 8 ca nhiễm nCoV, đều liên quan đến bệnh viện ở Đà Nẵng, nâng số ca nhiễm năm ngày qua lên 30. Riêng Đà Nẵng ghi nhận 26 ca.",Hữu Công - Hà An - Đinh Văn
15,TP HCM phong tỏa khu dân cư vì 'bệnh nhân 450',"Thứ tư, 29/7/2020, 18:33 (GMT+7)","Cơ quan chức năng đã phong tỏa con hẻm trên đường Hoàng Ngân, phường 16, quận 8, cách ly khoảng 50 hộ dân vì liên quan ""bệnh nhân 450"" đến từ Đà Nẵng.","Đoạn hẻm phong tỏa khoảng 100 m, mỗi đầu đều có chốt gác cấm người dân ra vào. Ở mỗi chốt có khoảng 10 người trực, gồm công an, dân phòng... Khi người thân tiếp tế thức ăn, nước uống, cán bộ phường nhận rồi đưa vào cho người bị cách ly.
Theo người dân, việc phong tỏa, khử trung khu vực này được cơ quan chức năng tiến hành từ tối qua. Đây là nơi ""bệnh nhân 450"", nữ, 46 tuổi, đã ghé qua khi đến TP HCM. Bà này là người chăm sóc ""bệnh nhân 449"" khi điều trị viêm phổi tại Đà Nẵng.
Theo báo cáo của UBND quận 8, ngày 20/7, bà này cùng người đàn ông 57 tuổi (quốc tịch Mỹ, nghề nghiệp võ sư) chuyển từ Bệnh viện Đa khoa Đà Nẵng đến Bệnh viện Chợ Rẫy bằng xe cấp cứu.
Do bệnh viện Chợ Rẫy đông nên bệnh nhân chuyển đến Bệnh viện Quốc tế City, quận Bình Tân. Từ ngày 21 đến 22/7, người phụ nữ lưu trú tại khách sạn trên đường Nguyễn Chí Thanh.
Trưa 23/7, bà được em trai 25 tuổi đón từ bệnh viện về nhà ở phường 16, quận 8. Sau khi cậu em đi làm ở quán ốc, bà lấy xe máy rời khỏi nhà. Người nhà cho biết, trong quá trình bà này ở nhà khoảng một giờ, mọi người tiếp xúc đều đeo khẩu trang.
Đến ngày 28/7, ""bệnh nhân 450"" quay về nhà lấy đồ, uống cà phê trước nhà trong khoảng một tiếng rưỡi.
Ngành y tế quận 8 đã khoanh vùng, phun hóa chất khử trùng toàn bộ khu vực. Ba người F1 gồm mẹ, anh và em trai của nữ bệnh nhân được đưa đi cách ly tập trung. Ngoài ra, 11 người F2 và 7 người F3 được cách ly, theo dõi y tế tại nhà.
Liên quan ca này, sáng nay, ngành chức năng cũng phong tỏa khách sạn 9 tầng trên đường Nguyễn Chí Thanh, đối diện Bệnh viện Chợ Rẫy. Bệnh viện Quốc tế City đã thông báo ngừng tiếp nhận bệnh nhân ba ngày để có các biện pháp đảm bảo an toàn phòng chống Covid-19.","Năm ngày qua ghi nhận 34 ca nhiễm cộng đồng. Trong đó, Đà Nẵng ghi nhận 26 ca nhiễm, Quảng Ngãi một ca, Quảng Nam ba ca, Hà Nội một ca, Đăk Lăk một ca, TP HCM hai ca. Các bệnh nhân này đều có yếu tố dịch tễ liên quan Đà Nẵng."
16,Sở Y tế TP HCM chấn chỉnh địa phương gom F0 vào khu cách ly,"Thứ ba, 21/9/2021, 19:06 (GMT+7)","Trước tình trạng một số quận huyện gom toàn bộ F0 vào khu cách ly tập trung do hiểu nhầm, Sở Y tế đã có văn bản chấn chỉnh, theo bác sĩ Nguyễn Văn Vĩnh Châu.","Thông tin được Phó giám đốc Sở Y tế TP HCM Nguyễn Văn Vĩnh Châu nói tại buổi họp báo về công tác phòng chống Covid-19 trên địa bàn chiều 21/9. Cuộc họp diễn ra trong bối cảnh thành phố đã ghi nhận 341.699 ca nhiễm trong đợt dịch thứ tư và trải qua ngày thứ 30 siết chặt giãn cách.
Theo bác sĩ Châu, hiện có một số địa phương gom toàn bộ ca mắc Covid-19 vào khu cách ly. Sở Y tế thành phố đã ghi nhận tình trạng này, liên tục gọi điện cũng như gửi văn bản chấn chỉnh, nhắc nhở các quận, huyện. ""Có thể một số địa phương hiểu nhầm việc tách F0 ra khỏi cộng đồng tránh lây lan phải đưa vào khu cách ly tập trung"", ông Châu nói và cho biết chủ trương của thành phố là các F0 đủ điều kiện, nên cách ly tại nhà.
Ngoài ra, trong chiến lược điều trị của TP HCM sắp tới cũng đẩy mạnh chăm sóc các F0 tại cộng đồng, đi kèm với hệ thống điều trị để sống chung với dịch. Các quận, huyện chỉ cách ly tập trung các bệnh nhân Covid-19 có bệnh nền, không thể theo dõi sát và nơi ở không đáp ứng điều kiện điều trị tại nhà.
Thời gian tới, thành phố có kế hoạch giảm dần các khu cách ly tập trung với mục tiêu tăng cường điều trị, cách ly F0 tại nhà. Một số khu cách ly tập trung trước đây tại trường học, ký túc xá sẽ giảm dần khi tình hình dịch được cải thiện.
Đối với hệ thống điều trị, sau ngày 30/9, thành phố dần chuyển đổi các bệnh viện điều trị Covid-19 về đúng công năng ban đầu. Trước tiên, đến ngày 30/9, Bệnh viện đa khoa tại quận 7, huyện Củ Chi, Cần Giờ sẽ được chuyển đổi công năng trở lại, phục vụ các bệnh nhân không mắc Covid-19.
Tuy nhiên, sau khi trở về công năng như trước, các bệnh viện cần đảm bảo khu vực cách ly tạm thời để dành cho các trường hợp nghi ngờ. Khu vực này cần có 10 đến 20 giường và chuẩn bị đầy đủ oxy cho hệ thống sơ cứu, cấp cứu bệnh nhân Covid-19 nặng.
Theo thống kê của Trung tâm Kiểm soát bệnh tật TP HCM, tính đến ngày 19/9, số ca F0 đang cách ly điều trị tại nhà hơn 41.800 người; khoảng 22.700 F0 đang cách ly tại các cơ sở cách ly tập trung quận, huyện.
Tại buổi họp báo, Phó ban chỉ đạo phòng chống Covid-19 TP HCM Phạm Đức Hải cho biết trong ngày 20/9 ghi nhận hơn 3.500 bệnh nhân nhập viện và hơn 2.700 bệnh nhân xuất viện, 182 trường hợp tử vong. Hết ngày 20/9, thành phố tiêm hơn 8,8 triệu mũi vaccine, trong đó hơn 2,1 triệu người tiêm đủ 2 liều.",Hữu Công
17,TP HCM giữ lại ba bệnh viện dã chiến có ICU,"Chủ nhật, 26/9/2021, 18:06 (GMT+7)","TP HCM giữ lại các bệnh viện dã chiến 13, 14, 16 có trung tâm hồi sức cấp cứu (ICU), thu hẹp chuyển đổi công năng dần các bệnh viện dã chiến khác, từ nay đến hết tháng 12.","Thông tin được bà Nguyễn Thị Huỳnh Mai, Chánh văn phòng Sở Y tế TP HCM cho biết tại họp báo cung cấp thông tin về công tác phòng chống Covid-19, chiều 26/9.
Thành phố có kế hoạch thu hẹp các bệnh viện dã chiến để trả công năng ban đầu là khám chữa bệnh không Covid, nhằm chăm sóc, bảo vệ sức khỏe người dân. ""Trong giai đoạn này, bảo vệ tính mạng người dân là ưu tiên hàng đầu. Như vậy, tùy theo tình hình dịch bệnh, thành phố thu hẹp các giường bệnh, cơ sở điều thị, thu dung bệnh nhân Covid-19 phù hợp"", bà Mai cho biết. Sở Y tế đánh giá hiện nay thành phố đã qua đỉnh điểm dịch, việc chống dịch đang có hiệu quả tốt.
Theo kế hoạch, các bệnh viện dã chiến thu dung sẽ thu hẹp khi ""đã hoàn thành sứ mệnh, không còn bệnh nhân Covid-19"". Lộ trình là đến hết tháng 12, các bệnh viện dã chiến từng được tận dụng từ các cơ sở giáo dục như trường học, ký túc xá... sẽ trả lại công năng cho nhà trường.
""Ngành y tế sẽ sắp xếp, cơ cấu lại những cơ sở dã chiến thu dung có gắn kết với trung tâm hồi sức thành bệnh viện Covid-19 ba tầng. Trong đó, ba bệnh viện được giữ lại là dã chiến số 13, 14, 16"", bà Mai nói.
Các bệnh viện ở vùng xanh, đến cuối tháng 9 sẽ trả lại công năng để tham gia điều trị cho những bệnh nhân không phải Covid-19. Ở nhóm này, Bệnh viện quận 7 và Bệnh viện Đa khoa khu vực Củ Chi đang chuyển đổi trở lại công năng.
Trước đó, tại buổi họp báo chiều 22/9, bà Mai cũng cho biết thành phố đang xây dựng lộ trình chuyển đổi công năng của 80 bệnh viện tầng một và hai về chức năng ban đầu, để thực hiện nhiệm vụ chăm sóc sức khỏe các mặt bệnh khác Covid-19 cho người dân. Riêng 10 bệnh viện ở tầng ba (điều trị bệnh nhân nặng, nguy kịch) được giữ nguyên vì các ca Covid-19 nặng cần điều trị kéo dài.
Chia sẻ thêm về số giường hồi sức tích cực ICU đang có, bà Mai cho hay, theo cấp độ 4 trong hướng dẫn tạm thời thích ứng an toàn, linh hoạt, kiểm soát có hiệu quả Covid-19, tỷ lệ bệnh nặng đang ở mức dưới 150 ca/100.000 dân. Hiện, thành phố có 3.286 giường ICU, đảm bảo phục vụ tốt trong tình huống cấp cứu ở cấp độ cao nhất.
Tính đến 18h ngày 25/9, thành phố ghi nhận 367.081 ca Covid-19 được Bộ Y tế công bố. 39.208 người đang điều trị, trong đó 1.918 bệnh nhân nặng đang thở máy, 23 bệnh nhân can thiệp ECMO (hệ thống tuần hoàn ngoài cơ thể). Trong ngày 25/9 thêm 131 ca tử vong, ngày 24/9 có 123 ca, thấp nhất trong hơn một tháng qua (kể từ ngày 22/8, trước khi thành phố tăng cường giãn cách).
""Số bệnh nhân nặng thở máy và tử vong đang giảm dần cho thấy tín hiệu lạc quan"", ông Phạm Đức Hải, Phó ban chỉ đạo phòng chống Covid-19 TP HCM cho biết.
Tổng số bệnh nhân xuất viện cộng dồn đến nay là 190.573 người. Thành phố đã tiêm tổng cộng được 9.441.815 mũi tiêm, trong đó có 6.814.687 mũi một và 2.627.128 mũi hai.",Thư Anh
18,TP HCM sẽ chuyển đổi công năng bệnh viện tầng 1 và 2,"Thứ năm, 23/9/2021, 20:09 (GMT+7)","Khoảng 80 bệnh viện dã chiến, thu dung điều trị Covid-19 thuộc tầng một và hai của tháp điều trị ba tầng sẽ chuyển đổi công năng theo từng giai đoạn.","Bà Nguyễn Thị Huỳnh Mai, Chánh văn phòng Sở Y tế TP HCM, cho biết Sở cùng các quận, huyện, TP Thủ Đức đang rà soát để tham mưu cho UBND và Ban chỉ đạo chống dịch Covid-19 thành phố về lộ trình chuyển đổi công năng các bệnh viện đang tham gia điều trị Covid-19 trên địa bàn. Lộ trình chưa được UBND thông qua nên chưa thể tiết lộ chi tiết.
""Quan trọng nhất là tái cấu trúc các bệnh viện đang tách đôi để trở về chức năng ban đầu, nhằm chăm sóc sức khỏe bình thường cho người dân"", bà Mai nhấn mạnh.
Trong họp báo chiều 22/9, bà Mai thông tin thành phố có 90 cơ sở điều trị, thu dung bệnh nhân Covid-19 trong ""tháp ba tầng"". Cụ thể, tầng một có 12 cơ sở cách ly tập trung, thu dung điều trị. Tầng hai có 68 bệnh viện thu dung, điều trị dã chiến và bệnh viện hạng 2, hạng 3 và hạng 1 của thành phố triển khai theo mô hình ""bệnh viện tách đôi"". Tầng ba có 10 cơ sở, gồm 5 bệnh viện Trung ương hạng nhất đóng tại TP HCM và 5 trung tâm hồi sức Covid-19 do Bộ Y tế hỗ trợ thiết lập, điều động từ các bệnh viện trung ương tới hỗ trợ.
Theo kế hoạch, các bệnh viện thuộc tầng một và hai sẽ dần chuyển đổi về chức năng ban đầu, để thực hiện nhiệm vụ chăm sóc sức khoẻ các mặt bệnh khác cho người dân ngoài Covid-19. Riêng bệnh viện ở tầng ba sẽ giữ nguyên vì các ca bệnh Covid-19 nặng sẽ điều trị kéo dài.
Hiện, TP HCM có ba vùng xanh là quận 7, huyện Củ Chi, huyện Cần Giờ, bước đầu việc chuyển đổi công năng sẽ tập trung ở các địa phương này. Lộ trình chuyển đổi các bệnh viện sẽ triển khai theo từng giai đoạn, diễn ra từ nay cho đến năm 2022.
Dự kiến, Bệnh viện quận 7, Bệnh viện đa khoa khu vực Củ Chi cũng chuyển thành bệnh viện bình thường để khám và chữa bệnh cho người dân không mắc Covid-19 ở Củ Chi, Hóc Môn, Tây Ninh.
Bệnh viện điều trị Covid-19 Cần Giờ sẽ ngưng nhận bệnh nhân mới, điều trị tiếp nhóm bệnh cũ và trở thành ""bệnh viện tách đôi"" nếu còn bệnh nhân Covid-19. Trong đó, cơ sở cũ sẽ điều trị bệnh nhân Covid-19, cơ sở mới để chăm sóc sức khoẻ cho người dân Cần Giờ và các vùng lân cận không mắc Covid-19, nhất là những trường hợp có bệnh nền. Riêng Bệnh viện dã chiến Củ Chi thì sẽ hoàn thành sứ mệnh khi địa phương hết F0.
Bệnh viện dã chiến Củ Chi (quy mô 300 giường, đặt trong một doanh trại quân đội) và Bệnh viện điều trị Covid-19 Cần Giờ (quy mô 600 giường, trưng dụng hai cơ sở mới và cũ của Bệnh viện huyện Cần Giờ) là hai bệnh viện dã chiến đầu tiên được thành lập tại TP HCM, từ đầu năm 2020, chuyên thu dung, điều trị F0 nhẹ và trung bình, giảm tải cho cơ sở tầng trên là Bệnh viện Bệnh Nhiệt đới.
Bệnh viện Điều trị Covid-19 Cần Giờ từng tạm ngưng hoạt động hồi giữa năm 2020, khi lượng F0, F1 tại thành phố giảm sâu. Sau đó, Sở Y tế thành phố tái kích hoạt bệnh viện, bắt đầu từ ngày 1/8/2020, khi tình hình dịch bệnh diễn biến phức tạp.
Bác sĩ Nguyễn Văn Vĩnh Châu, Phó giám đốc Sở Y tế TP HCM tại họp báo ngày 21/9 từng cho biết, chiến lược điều trị của TP HCM giai đoạn mở cửa sắp tới sẽ đẩy mạnh chăm sóc các F0 tại cộng đồng, đi kèm với hệ thống điều trị để sống chung với dịch. Các quận, huyện chỉ cách ly tập trung các bệnh nhân Covid-19 có bệnh nền, không thể theo dõi sát và nơi ở không đáp ứng điều kiện điều trị tại nhà. Thành phố có kế hoạch giảm dần các khu cách ly tập trung nhất là khu trưng dụng trường học, ký túc xá khi tình hình dịch được cải thiện.
Đối với hệ thống điều trị, sau ngày 30/9, thành phố dần chuyển đổi các bệnh viện điều trị Covid-19 về đúng công năng ban đầu. Trước tiên, đến ngày 30/9, Bệnh viện đa khoa tại quận 7, huyện Củ Chi, Cần Giờ sẽ được chuyển đổi công năng trở lại, phục vụ các bệnh nhân không mắc Covid-19.
Tuy nhiên, sau khi trở về công năng như trước, các bệnh viện cần đảm bảo khu vực cách ly tạm thời để dành cho các trường hợp nghi ngờ. Khu vực này cần có 10 đến 20 giường và chuẩn bị đầy đủ oxy cho hệ thống sơ cứu, cấp cứu bệnh nhân Covid-19 nặng.
Theo thống kê của Trung tâm Kiểm soát bệnh tật TP HCM, tính đến sáng 23/9, thành phố ghi nhận tổng cộng 354.193 ca Covid-19. Trong đó, số F0 đang cách ly điều trị tại nhà 35.489 người; 23.467 F0 đang cách ly tại các cơ sở cách ly tập trung; số ca đang điều trị tại bệnh viện tầng hai và ba là 40.970.",Thư Anh
19,Một năm Bệnh viện dã chiến Củ Chi 'đỏ lửa',"Thứ sáu, 12/2/2021, 05:03 (GMT+7)","TP HCMBệnh viện dã chiến Củ Chi thành lập ngày 10/2/2020, hoạt động liên tục một năm nay, điều trị khỏi 177 bệnh nhân Covid-19, không có nhân viên bị lây nhiễm.","Bác sĩ Nguyễn Thành Dũng, giám đốc bệnh viện, cho biết đây là cơ sở y tế dã chiến đầu tiên lập tại TP HCM, điều trị bệnh nhân Covid-19 có triệu chứng từ nhẹ đến trung bình. Các bệnh nhân nặng được điều trị tại Bệnh viện Bệnh Nhiệt đới TP HCM.
Bệnh viện nằm trong doanh trại quân đội, cách trung tâm TP HCM khoảng 50 km. Thiết kế viện chia thành các khu vực biệt lập, đảm bảo cách ly giữa nhóm bệnh nhân Covid-19 và F1 cũng như khu vực hành chính, sinh hoạt của nhân viên y tế. Ngoài 300 giường thường quy, bệnh viện còn trang bị 8 phòng áp lực âm cho trường hợp bệnh diễn biến nặng, một phòng hồi sức tích cực và một phòng mổ trung phẫu, sử dụng nếu bệnh nhân cần mổ ruột thừa khẩn cấp. Các hệ thống máy xét nghiệm, máy siêu âm và chụp X-quang di động đến tận giường bệnh.
""Ngày đầu chúng tôi rất bỡ ngỡ, nhưng mọi chuyện đã qua rồi"", bác sĩ Dũng từ chối nhắc lại những khó khăn một năm qua mà bản thân và đồng đội đã gánh vác, bởi ông cho rằng với người làm nghề y ""điều đó đâu sá gì"".
Một năm qua, bệnh viện luôn mở cửa, linh hoạt tiếp nhận các F0 và F1, tùy theo tình hình dịch bệnh. Tổng cộng, 177 bệnh nhân đã được chữa khỏi (toàn thành phố ghi nhận 204 ca), chỉ hai ca nặng là ""bệnh nhân 32"" và phi công Anh cần chuyển lên tuyến trên; 816 F1 được giám sát cách ly an toàn.
Hiện, 43 bệnh nhân Covid-19 ghi nhận tại TP HCM đang điều trị tại đây, gồm 33 ca liên quan đến cụm dịch sân bay Tân Sơn Nhất. Ngoài ra, có 29 F1 cách ly tập trung. Bệnh nhân chủ yếu thuộc nhóm người trẻ, có sức khỏe, không có bệnh lý nền nên các bác sĩ yên tâm điều trị.
Theo Phó giám đốc Sở Y tế Tăng Chí Thượng, ngay từ đầu, thành phố đã đặt mục tiêu ""dã chiến nhưng phải chuyên nghiệp"" cho Bệnh viện dã chiến Củ Chi. Mọi nhân viên y tế ở đây đều phải trải qua khóa tập huấn kỹ lưỡng về chuyên môn điều trị, đặc biệt là kiểm soát nhiễm khuẩn. Nhờ đó, không xảy ra tình trạng lây nhiễm chéo nCoV cho nhân viên y tế.
Thêm nữa, khi ấy chỉ có 5 ngày để xây dựng bệnh viện, thành phố đã chủ trương huy động tối đa mọi nguồn lực sẵn có tại các cơ sở y tế trên toàn địa bàn, từ nhân sự, phương tiện, trang thiết bị, hạn chế mua, cấp mới. Với nhân sự, các bệnh viện cử luân phiên bác sĩ, điều dưỡng trực chiến xoay vòng suốt cả năm. Mỗi tua trực gồm 40 người, làm việc 5 tuần. Sau khi bàn giao công việc, họ được nghỉ hai tuần tại nhà, cũng là thời gian tự cách ly.
""Nếu không có hai bệnh viện chuyên điều trị Covid-19 là dã chiến Củ Chi và Cần Giờ, ngành y tế và Bệnh viện Bệnh Nhiệt đới sẽ rất 'mệt'"", ông Thượng nói.
Sáng 11/2, Thứ trưởng Bộ Y tế Nguyễn Trường Sơn, trưởng Bộ phận thường trực đặc biệt phòng chống Covid-19 tại TP HCM đến chúc tết và động viên các bác sĩ, điều dưỡng tại đây.
Thứ trưởng khen ngợi sự tự chủ, đi trước đón đầu của TP HCM khi quyết định xây dựng, duy trì các bệnh viện điều trị Covid chuyên biệt. Ông chia sẻ, khi dịch mới xuất hiện, nhiều người cho rằng việc thành lập bệnh viện dã chiến là chưa cần thiết. Nhưng qua các đợt dịch ở Đà Nẵng, Hải Dương, Quảng Ninh đến cụm dịch Tân Sơn Nhất sau này, đã khẳng định bước đi đúng đắn của thành phố, bởi không phải tất cả các bệnh nhân đều có triệu chứng nặng để vào điều trị ở tuyến trên.
Nhận định tình hình hiện tại, Thứ trưởng khẳng định: ""Số lượng ca mắc đang có xu hướng giảm nhưng chưa thể tiên lượng trước điều gì. Việc duy trì bệnh viện dã chiến là điều rất cần thiết"".
TP HCM có 5 bệnh viện chuyên điều trị Covid-19, gồm Bệnh viện Bệnh Nhiệt đới, dã chiến Củ Chi, dã chiến Cần Giờ, Bệnh viện Nhi đồng thành phố, Nhi đồng 2 (nếu người nhiễm là trẻ em). Bệnh viện Phạm Ngọc Thạch và Bệnh viện Ung bướu cơ sở hai sẽ được trưng dụng nếu số ca nặng tăng cao.",Thư Anh
20,Bệnh viện điều trị Covid-19 Cần Giờ hoạt động lại,"Thứ sáu, 31/7/2020, 18:07 (GMT+7)","TP HCMSở Y tế thành phố tái kích hoạt Bệnh viện điều trị Covid-19 Cần Giờ, bắt đầu từ 9h ngày 1/8.","Ngoài ra, bệnh viện dã chiến Củ Chi vẫn hoạt động liên tục từ đầu mùa dịch, ngày 10/2 đến nay. Bệnh viện điều trị Covid-19 Cần Giờ được khởi động lại, sẵn sàng đối phó với đợt dịch diễn biến phức tạp.
Hai bệnh viện này sẽ tiếp nhận cách ly những bệnh nhân có triệu chứng sốt, viêm đường hô hấp, hoặc giống cảm cúm và có tiền sử đến Đà Nẵng từ ngày 1/7, đang được cách ly tập trung, theo dõi và điều trị tại các bệnh viện trên địa bàn.
Bệnh viện điều trị Covid-19 Cần Giờ tăng thêm 200 giường, nâng tổng công suất thành 500 giường. Bệnh viện dã chiến Củ Chi công suất 300 giường. Đây được xem là cơ sở 2, cơ sở 3 của Bệnh viện Bệnh Nhiệt đới TP HCM, nhằm giảm tải cho các bệnh viện thành phố, quận huyện. Đồng thời, làm giảm rủi ro lây chéo tại các bệnh viện đa khoa vốn có nhiều bệnh nhân khác.
Để hai bệnh viện trên hoạt động, Sở Y tế phải huy động sự hỗ trợ và chia sẻ nguồn nhân lực của các bệnh viện thành phố và bệnh viện quận, huyện.
Bệnh viện điều trị Covid-19 Cần Giờ, do Bệnh viện quận Thủ Đức chịu trách nhiệm luân phiên bác sĩ, điều dưỡng đến công tác và phối hợp Bệnh viện Bệnh Nhiệt đới hỗ trợ chuyên môn. Các y, bác sĩ của Trung tâm y tế Cần Giờ cũng tham gia chăm sóc bệnh nhân.
Bệnh viện cách trung tâm TP HCM hơn 50 km về phía đông nam, đường tới qua phà Bình Khánh. Được thành lập ngày 16/3 trên cơ sở vật chất cho Trung tâm Y tế huyện Cần Giờ. Bệnh viện tạm ngưng hoạt động ngày 4/5, khi dịch Covid-19 tại TP HCM đã lui.
Trong đợt dịch trước, Bệnh viện điều trị Covid-19 Cần Giờ đã tiếp nhận điều trị 141 trường hợp nghi nhiễm, trong đó 16 ca xác định dương tính. Người cuối cùng tại đây xuất viện ngày 18/4.
Hiện, ngoài vợ chồng võ sư ""bệnh nhân 449"" và ""bệnh nhân 450"" điều trị, TP HCM thêm ba ca nghi nhiễm nCoV. Thông tin được Giám đốc Sở Y tế TP HCM Nguyễn Tấn Bỉnh cho biết tại cuộc họp trực tuyến của Ban chỉ đạo phòng chống Covid-19 của TP HCM chiều 31/7.
Ba người phụ nữ nghi nhiễm ở Thủ Đức, Tân Phú và quận 10. Tất cả đều có yếu tố dịch tễ từ Bệnh viện Đà Nẵng. Họ có kết quả xét nghiệm bước đầu dương tính, đang chờ Bộ Y tế công bố.",Thư Anh
21,3 phòng cách ly áp lực âm ở bệnh viện dã chiến Củ Chi,"Thứ sáu, 13/3/2020, 14:23 (GMT+7)","TP HCMPhòng áp lực âm Bệnh viện dã chiến Củ Chi hoạt động từ ngày 13/3, cách ly bệnh nhân nghi nhiễm có kết quả dương tính hoặc đang chờ xét nghiệm lần 2.","
Sở Y tế TP HCM cho biết các phòng cách ly áp lực âm được trang bị đầy đủ dụng cụ, trang thiết bị cấp cứu. Người bệnh được cách ly và giám sát qua màn hình camera, y bác sĩ trao đổi với người bệnh qua hệ thống camera.

Phòng được thiết kế theo nguyên tắc không khí chỉ lưu thông một chiều, áp lực âm hút không khí vào bên trong rồi chạy ra ngoài qua màng lọc cực kỳ đặc biệt, lọc được cả virus rất nhỏ. Thiết kế này nhằm đảm bảo mầm bệnh không phát tán ra môi trường xung quanh.

Bệnh viện dã chiến Củ Chi hoạt động từ ngày 10/2, có nhiệm vụ thực hiện cùng lúc ""2 vòng cách ly"". Cách ly vòng một là điều trị những trường hợp có xét nghiệm dương tính và những trường hợp nghi ngờ. Cách ly vòng 2, tức cách ly tập trung những trường hợp có yếu tố dịch tễ như đến từ vùng dịch, tiếp xúc với bệnh nhân nhưng chưa có triệu chứng.

Sau hơn một tháng hoạt động, công suất sử dụng của bệnh viện hiện 90%, chủ yếu cách ly vòng 2. Bệnh viện giữ 10% công suất giường bệnh để sẵn sàng cho ca dương tính hoặc nghi ngờ.

Hiện nay những người có yếu tố dịch tễ nhưng chưa có triệu chứng lâm sàng được TP HCM đưa vào khu cách ly tập trung. Thành phố đang có 3 khu cách ly tập trung tại huyện Nhà Bè (108 giường), huyện Củ Chi (350 giường), huyện Cần Giờ (200 giường). Ngoài ra các quận huyện đều có cơ sở cách ly tập trung riêng.

Ba khu cách ly dã chiến đã sẵn sàng hoạt động, do Bộ Quốc phòng quản lý, gồm ở quận 12 (1.000 giường), huyện Hóc Môn (500 giường) và khuôn viên Bệnh viện Quân y 175 (200 giường).

Thời gian qua, phần lớn trường hợp cách ly theo dõi tại bệnh viện dã chiến Củ Chi. Hiện thành phố lập thêm các khu cách ly tập trung mới, bệnh viện dã chiến Củ Chi chuyển sang tập trung tiếp nhận điều trị các trường hợp có triệu chứng từ các khu cách ly tập trung chuyển đến.","
Bệnh viện dã chiến Củ Chi hiện được xem như cơ sở hai của Bệnh viện Bệnh Nhiệt đới TP HCM."
22,TP HCM có thêm bệnh viện chuyên điều trị Covid-19,"Thứ hai, 16/3/2020, 15:51 (GMT+7)",Bệnh viện huyện Cần Giờ với 300 giường trở thành cơ sở chuyên điều trị bệnh nhân Covid-19 từ ngày 16/3.,"
Hôm nay Bệnh viện Điều trị Covid-19 tại Cần Giờ bắt đầu tiếp nhận những người từ các khu cách ly tập trung xuất hiện các triệu chứng sốt, ho... Nơi đây cách trung tâm TP HCM hơn 50 km về phía đông nam, đường tới qua phà Bình Khánh. 

Bệnh viện là cơ sở y tế mới đưa vào sử dụng một năm qua. Hiện bệnh viện được bổ sung các trang thiết bị hồi sức hiện đại, lắp đặt 10 phòng cách ly áp lực âm để phục vụ điều trị.

Bệnh viện có 3 khu vực cách ly chính: khu điều trị bệnh nhân dương tính, khu dành cho bệnh nhân âm tính cần theo dõi thêm, khu dành cho bệnh nhân chờ kết quả xét nghiệm. 

Bệnh nhân thông thường tạm thời được chuyển về Bệnh viện huyện Nhà Bè và các bệnh viện thành phố, đến khi dịch Covid-19 chấm dứt.

Sở Y tế TP HCM điều động luân phiên y bác sĩ các bệnh viện Bệnh Nhiệt đới, Quận Thủ Đức, Quận 2 cùng đội ngũ y tế tại bệnh viện Cần Giờ tham gia điều trị bệnh nhân.

Như vậy, hiện thành phố có hai bệnh viện chuyên điều trị Covid-19, trong đó một tại Củ Chi (300 giường) và tại Cần Giờ (300 giường). Hai bệnh viện này được kết nối chặt chẽ về chuyên môn, được xem là cơ sở 2 và 3 của Bệnh viện Bệnh Nhiệt đới TP HCM.","
Đến nay, TP HCM điều trị 8 bệnh nhân Covid-19, trong đó 3 người đã khỏi bệnh, 5 bệnh nhân đang điều trị hiện sức khỏe ổn định, không suy hô hấp. 822 trường hợp được cách ly tại khu cách ly tập trung của thành phố, 434 người đang tiếp tục được theo dõi tại các khu cách ly quận huyện, 482 người giám sát tại nhà."
23,Ba ca nghi nhiễm nCoV ở Sài Gòn,"Thứ sáu, 31/7/2020, 16:31 (GMT+7)","Ba phụ nữ ở Thủ Đức, Tân Phú và quận 10 có nguy cơ cao nhiễm nCoV đang chờ Bộ Y tế công bố, đều có dịch tễ liên quan đến Đà Nẵng.","Thông tin được Giám đốc Sở Y tế TP HCM Nguyễn Tấn Bỉnh cho biết tại cuộc họp trực tuyến của Ban chỉ đạo phòng chống Covid-19 của TP HCM chiều 31/7.
Các trường hợp này có kết quả xét nghiệm Covid-19 bước đầu cho kết quả dương tính, đang chờ Bộ Y tế công bố. Ba người này đang được theo dõi, điều trị tại Bệnh viện Bệnh Nhiệt đới.
Đây là những người từng điều trị và chăm bệnh tại các bệnh viện ở Đà Nẵng. Cụ thể, người thứ nhất là nữ, 55 tuổi, làm nghề buôn bán ở Quảng Ngãi, từng chữa bệnh tại Bệnh viện Đà Nẵng từ ngày 29/6 đến ngày 22/7.
Ngày 23/7, bệnh nhân cùng người nhà đi xe cấp cứu tự thuê của nhà xe ở Quảng Ngãi từ Bệnh viện Đà Nẵng vào Bệnh viện Chợ Rẫy để khám. Cùng ngày, bệnh nhân về nhà ở quận Thủ Đức. Đến ngày 28/7, bà cùng chồng tự khai báo y tế và được đưa vào khu cách ly tập trung tại Thủ Đức. Mẫu xét nghiệm của người vợ cho kết dương tính nCoV, còn chồng âm tính.
Trường hợp thứ hai là nữ, 61 tuổi, ở phường Phú Thọ Hòa, quận Tân Phú đi thăm và trực tiếp chăm sóc ""bệnh nhân 436"" tại Bệnh viện Đà Nẵng từ ngày 20/7 đến ngày 23/7. Ngày 24/7, bệnh nhân cùng chồng đi máy bay vào TP HCM, về nhà tại quận Tân Phú, đến ngày 26/7, tự cách ly y tế tại nhà. Ngày 28/7, bệnh nhân cùng chồng tự khai báo y tế và cách ly tập trung tại Trung tâm Y tế quận Tân Phú, kết quả xét nghiệm dương tính ngày 30/7.
Trường hợp thứ ba cũng là nữ, 57 tuổi, ở tại phường 12, quận 10, trực tiếp chăm sóc người thân là bệnh nhân tại Bệnh viện Hoàn Mỹ Đà Nẵng, Bệnh viện Đa khoa Đà Nẵng từ ngày 1/7 đến ngày 20/7. Đến ngày 25/7, bệnh nhân đi máy bay về TP HCM tại quận 10 và cách ly tại nhà.
Ngày 27/7, bệnh nhân có ngứa họng, đàm trong ít nên vào Bệnh viện quận 10 khám và đưa vào khu sàng lọc của bệnh viện, báo cho Trung tâm Y tế quận 10 tiến hành cách ly tập trung. Ngày 29/7, bà xuất hiện triệu chứng mệt, khó thở nên được chuyển sang khu cách ly điều trị của bệnh viện và mẫu xét nghiệm dương tính ngày 30/7.
Từ tối qua, các quận Thủ Đức, Tân Phú và 10 khoanh vùng, phong tỏa và phun khử khuẩn những nơi có ca nghi nhiễm nCoV trên địa bàn.
Theo ghi nhận, trưa 31/7, hàng rào phong tỏa đã được dựng lên trước 3 căn nhà liền kề đóng cửa ở số 46-48-50 đường Phú Thọ Hòa, quận Tân Phú. Phía bên ngoài khoảng 10 công an, dân phòng và thanh niên xung thay phiên túc trực, Người dân ở trong nhà được tiếp tế đồ ăn, nước uống từ địa phương.
Bà Võ Thị Gái, hàng xóm của các hộ dân, cho biết khá lo lắng khi khuya qua cơ quan chức năng gồm công an, dân phòng cùng nhiều người mặc đồ bảo hộ tới xịt thuốc khử trùng khu vực. Ban đầu một số người không biết chuyện gì đang xảy ra nhưng sau đó được thông báo việc khử xịt liên quan đến người bị nghi nhiễm Covid-19. Người dân được khuyến cáo không được đến gần ba ngôi nhà.
Trong đợt tái bùng phát Covid-19, TP HCM đã ghi nhận hai ca nhiễm nCoV, gồm người đàn ông quốc tịch Mỹ (võ sư, 57 tuổi - ""bệnh nhân 449"") và vợ (46 tuổi, người Việt Nam - ""bệnh nhân 450""). Cả hai người này đều đến từ Đà Nẵng.
Hôm qua, UBND TP HCM quyết định dừng hoạt động quán bar, vũ trường, việc tập trung quá 30 người nơi công cộng cũng bị cấm từ 0h ngày 31/7 cho đến khi có thông báo mới.",Hữu Công - Đinh Văn - Hạ Giang
24,Phong tỏa tuyến đường Sài Gòn vì ca nghi nhiễm ncoV,"Thứ năm, 30/7/2020, 20:08 (GMT+7)","Cơ quan chức năng đã phong tỏa đường số 10, cách ly khoảng 40 hộ trong khu dân cư Hiệp Bình Chánh, quận Thủ Đức vì ca nghi nhiễm nCoV về từ Đà Nẵng.","Tối 30/7, hơn 30 công an, dân phòng dựng hàng rào chốt chặn không cho người dân ra vào đường số 10, Khu phố 6, phường Hiệp Bình Chánh. Năm nhân viên y tế trong trang phục bảo hộ vào từng nhà xịt khử trùng. Một số người dân trong hẻm ra ngoài đường trò chuyện, vẻ bình thản. Tuy nhiên, sau đó họ được yêu cầu vào trong khu vực cách ly.
Đường số 10 rộng chừng 6m, dài 160 m. Cuối đường tiếp giáp rạch Dừa. Phía đầu đường đối diện một trường mầm non 2 tầng.
Trung tâm Y tế quận Thủ Đức cho biết theo thông tin từ Trung tâm Kiểm soát bệnh tật thành phố, việc phong tỏa đường trên có liên quan đến một ca nghi nhiễm Covid-19.""Đây mới là ca nghi nhiễm, tuy nhiên để bảo đảm an toàn phải tiến hành phong tỏa, khử khuẩn"", đại diện Trung tâm Y tế quận Thủ Đức nói.
Theo nguồn tin của VnExpress, ca nghi nhiễm là nữ, từng điều trị tại Bệnh viện Đà Nẵng, sau đó chuyển vào TP HCM chữa trị. Ngày 23/7, sau khi về nhà trên đường này, cô đăng ký khai báo y tế và được yêu cầu tự cách ly. Đến ngày 28/7, người này được đưa đi cách ly tập trung, đang chờ kết quả xét nghiệm.
Trước đó, liên quan đến hai bệnh nhân là vợ chồng võ sư người Mỹ, khách sạn 9 tầng đối diện Bệnh viện Chợ Rẫy và khu dân cư ở phường 16, quân 8 đã bị phong tỏa.
Hôm nay, UBND TP HCM quyết định dừng hoạt động quán bar, vũ trường, việc tập trung quá 30 người nơi công cộng cũng bị cấm từ 0h ngày 31/7 cho đến khi có thông báo mới.
Chiều hôm qua, Bộ Y tế công bố hai bệnh nhân nhiễm nCoV tại TP HCM là một người đàn ông quốc tịch Mỹ (võ sư, 57 tuổi - ""bệnh nhân 449"") và vợ (46 tuổi, người Việt Nam - ""bệnh nhân 450""), kết thúc hơn 100 ngày không có ca lây nhiễm trong cộng đồng tại đô thị lớn nhất nước. Cả 2 ca đều đến từ Đà Nẵng.
Trong đợt tái bùng phát Covid-19, đến nay ghi nhận tổng cộng 48 ca nhiễm cộng đồng. Trong đó, Đà Nẵng 34 ca, Quảng Nam 8 ca, TP HCM hai ca, Hà Nội hai ca, Quảng Ngãi một ca, Đăk Lăk một ca. Các bệnh nhân này đều có yếu tố dịch tễ liên quan Đà Nẵng.
Tổng số ca nhiễm lên 464, trong đó 369 người đã khỏi, còn 95 bệnh nhân đang điều trị.",Hữu Công - Đinh Văn - Hà An
25,Hai ca nhiễm nCoV ở Sài Gòn tiếp xúc hơn 100 người,"Thứ tư, 29/7/2020, 18:55 (GMT+7)","Người đàn ông quốc tịch Mỹ, 57 tuổi và vợ, 46 tuổi, ở TP HCM nhiễm nCoV được xác minh đã tiếp xúc gần (F1) 104 người và tiếp xúc gián tiếp (F2) 55 người.","Tại buổi họp báo Thông tin về tình hình dịch Covid-19 và công tác ứng phó của TP HCM chiều 29/7, bác sĩ Nguyễn Trí Dũng, Giám đốc Trung tâm Kiểm soát bệnh tật TP HCM (Sở Y tế TP HCM) cho biết, đã xác minh được 148 người liên quan đến hai ca nhiễm, 10 người đang xác minh, một trường hợp đang truy vết; đã lấy mẫu 147 trường hợp (121 âm tính, 26 đang chờ kết quả).
Trong đó, 81 mẫu xét nghiệm của những người tiếp xúc gần và gián tiếp ở Bệnh viện City đều âm tính, 27 trường hợp ở Bệnh viện Chợ Rẫy có tiếp xúc bệnh nhân cũng âm tính.
Chiều nay, hai bệnh nhân được Bộ Y tế công bố dương tính nCoV. ""Bệnh nhân 449"" là người đàn ông 57 tuổi (quốc tịch Mỹ) và ""bệnh nhân 450"" là vợ (quốc tịch Việt Nam).
""Bệnh nhân 449"" trước đó sống ở Đà Nẵng có dấu hiệu về hô hấp cuối tháng 6, nhập Bệnh viện Hoàn Mỹ Đà Nẵng, ngày 6/7 chuyển đến Bệnh viện Đa khoa Đà Nẵng.
Ngày 21/7, cả hai người được chuyển từ Bệnh viện Đa khoa Đà Nẵng đến bệnh viện Chợ Rẫy TP HCM bằng xe cấp cứu. Tuy nhiên, người này chỉ ở bệnh viện Chợ Rẫy khoảng 10 tiếng; sau đó chuyển đến Bệnh viện Triều An một tiếng rồi xin chuyển về Bệnh viện Quốc tế City (quận Bình Tân).
Ngày 28/7, bệnh nhân có kết quả xét nghiệm dương tính, tối qua chuyển qua Bệnh viện Bệnh Nhiệt đới.
""Bệnh nhân 450"" là người chăm sóc chồng, xuất hiện triệu chứng bệnh vào ngày 26/7, kết quả xét nghiệm cũng dương tính nCoV sau đó.
Sáng 29/7, do liên quan đến hai ca bệnh này, Bệnh viện Quốc tế City ở quận Bình Tân thông báo ngừng tiếp nhận bệnh nhân. Trong ba ngày tới, bệnh viện sẽ không đón khách thăm bệnh, nhà thầu. Việc này nhằm đảm bảo an toàn cho người bệnh, nhân viên y tế và kiểm soát nguy cơ lây lan mầm bệnh trong bệnh viện, theo chỉ đạo của Sở Y tế TP HCM.
Tối qua, ngành y tế đã phun xịt, khử khuẩn và phong tỏa khách sạn trên đường Nguyễn Chí Thanh (quận 11), đối diện Bệnh viện Chợ Rẫy, vì liên quan hai ca nhiễm nCoV. Bốn nhân viên tiếp xúc trực tiếp đã được đi cách ly tập trung, người còn lại và 48 khách tự cách ly theo dõi tại khách sạn.
Ngoài ra, con hẻm trên đường Hoàng Ngân, phường 16, quận 8 - nơi có nhà ""bệnh nhân 450"" ghé qua - cũng bị phong tỏa. Hơn 50 hộ dân (190 nhân khẩu) tại đây bị cách ly.
Như vậy, năm ngày qua cả nước ghi nhận 34 ca nhiễm cộng đồng. Trong đó, Đà Nẵng 26 ca nhiễm, Quảng Ngãi một ca, Quảng Nam ba ca, Hà Nội một ca, Đăk Lăk một ca, TP HCM hai ca. Các bệnh nhân này đều có yếu tố dịch tễ liên quan Đà Nẵng.
Tổng số ca nhiễm lên 450, trong đó 369 người đã khỏi, còn 81 người đang điều trị.
Hơn 16.000 người tiếp xúc gần và nhập cảnh từ vùng dịch được cách ly. Trong đó, cách ly tập trung tại bệnh viện 375 người, tại cơ sở tập trung gần 13.000, số còn lại tại nhà hoặc nơi lưu trú.
Thế giới ghi nhận khoảng 660.000 người chết trong hơn 16,8 triệu ca nhiễm tại 213 quốc gia. Mỹ và Brazil là hai nước có số ca mắc và số tử vong cao nhất thế giới. Tại khu vực Đông Nam Á, Indonesia ghi nhận số mắc và số tử vong cao nhất.
Việt Nam chưa ghi nhận ca tử vong do nCoV.",Hữu Công - Hà An
26,Sở Y tế TP HCM chấn chỉnh địa phương gom F0 vào khu cách ly,"Thứ ba, 21/9/2021, 19:06 (GMT+7)","Trước tình trạng một số quận huyện gom toàn bộ F0 vào khu cách ly tập trung do hiểu nhầm, Sở Y tế đã có văn bản chấn chỉnh, theo bác sĩ Nguyễn Văn Vĩnh Châu.","Thông tin được Phó giám đốc Sở Y tế TP HCM Nguyễn Văn Vĩnh Châu nói tại buổi họp báo về công tác phòng chống Covid-19 trên địa bàn chiều 21/9. Cuộc họp diễn ra trong bối cảnh thành phố đã ghi nhận 341.699 ca nhiễm trong đợt dịch thứ tư và trải qua ngày thứ 30 siết chặt giãn cách.
Theo bác sĩ Châu, hiện có một số địa phương gom toàn bộ ca mắc Covid-19 vào khu cách ly. Sở Y tế thành phố đã ghi nhận tình trạng này, liên tục gọi điện cũng như gửi văn bản chấn chỉnh, nhắc nhở các quận, huyện. ""Có thể một số địa phương hiểu nhầm việc tách F0 ra khỏi cộng đồng tránh lây lan phải đưa vào khu cách ly tập trung"", ông Châu nói và cho biết chủ trương của thành phố là các F0 đủ điều kiện, nên cách ly tại nhà.
Ngoài ra, trong chiến lược điều trị của TP HCM sắp tới cũng đẩy mạnh chăm sóc các F0 tại cộng đồng, đi kèm với hệ thống điều trị để sống chung với dịch. Các quận, huyện chỉ cách ly tập trung các bệnh nhân Covid-19 có bệnh nền, không thể theo dõi sát và nơi ở không đáp ứng điều kiện điều trị tại nhà.
Thời gian tới, thành phố có kế hoạch giảm dần các khu cách ly tập trung với mục tiêu tăng cường điều trị, cách ly F0 tại nhà. Một số khu cách ly tập trung trước đây tại trường học, ký túc xá sẽ giảm dần khi tình hình dịch được cải thiện.
Đối với hệ thống điều trị, sau ngày 30/9, thành phố dần chuyển đổi các bệnh viện điều trị Covid-19 về đúng công năng ban đầu. Trước tiên, đến ngày 30/9, Bệnh viện đa khoa tại quận 7, huyện Củ Chi, Cần Giờ sẽ được chuyển đổi công năng trở lại, phục vụ các bệnh nhân không mắc Covid-19.
Tuy nhiên, sau khi trở về công năng như trước, các bệnh viện cần đảm bảo khu vực cách ly tạm thời để dành cho các trường hợp nghi ngờ. Khu vực này cần có 10 đến 20 giường và chuẩn bị đầy đủ oxy cho hệ thống sơ cứu, cấp cứu bệnh nhân Covid-19 nặng.
Theo thống kê của Trung tâm Kiểm soát bệnh tật TP HCM, tính đến ngày 19/9, số ca F0 đang cách ly điều trị tại nhà hơn 41.800 người; khoảng 22.700 F0 đang cách ly tại các cơ sở cách ly tập trung quận, huyện.
Tại buổi họp báo, Phó ban chỉ đạo phòng chống Covid-19 TP HCM Phạm Đức Hải cho biết trong ngày 20/9 ghi nhận hơn 3.500 bệnh nhân nhập viện và hơn 2.700 bệnh nhân xuất viện, 182 trường hợp tử vong. Hết ngày 20/9, thành phố tiêm hơn 8,8 triệu mũi vaccine, trong đó hơn 2,1 triệu người tiêm đủ 2 liều.",Hữu Công
